CREATE TABLE "users" (
  "_id" uuid PRIMARY KEY,
  "name" varchar NOT NULL,
  "email" varchar NOT NULL,
  "password" varchar NOT NULL,
  "role" varchar NOT NULL
);

CREATE TABLE "ingredients" (
  "_id" uuid PRIMARY KEY,
  "name" varchar UNIQUE NOT NULL,
  "type" varchar NOT NULL
);

CREATE TABLE "items" (
  "_id" uuid PRIMARY KEY,
  "name" varchar UNIQUE NOT NULL,
  "type" varchar NOT NULL
);

CREATE TABLE "item_ingredients" (
  "menu_id" uuid,
  "item_id" uuid,
  "type" varchar
);

ALTER TABLE "item_ingredients" ADD FOREIGN KEY ("menu_id") REFERENCES "items" ("_id");

ALTER TABLE "item_ingredients" ADD FOREIGN KEY ("item_id") REFERENCES "ingredients" ("_id");

INSERT INTO ingredients (_id, name, type) VALUES ('5ddababe-d19d-4ed8-9ecd-e4a35e3686db', 'Patinho  Bovino', 'Proteína');
INSERT INTO ingredients (_id, name, type) VALUES ('3c6e7ada-b5d5-4613-9f34-b0c6946f6b52', 'Cebola', 'Hortifruti');
INSERT INTO ingredients (_id, name, type) VALUES ('3eba6cf0-95ff-4e56-9836-222e89a56abf', 'Alho', 'Hortifruti');
INSERT INTO ingredients (_id, name, type) VALUES ('f6bd14f0-b507-4b7c-a766-1a190b586578', 'Cebolinha', 'Hortifruti');
INSERT INTO ingredients (_id, name, type) VALUES ('0a1b9526-cbbf-498f-a32d-1fcdcf3c4dcf', 'Salsa', 'Hortifruti');
INSERT INTO ingredients (_id, name, type) VALUES ('18ff1847-f077-4e8a-96cc-d329d31876e8', 'Manteiga', 'Frio');
INSERT INTO ingredients (_id, name, type) VALUES ('9379bfb7-bafc-413a-a38a-c9125f2dabec', 'Alcatra Bovina', 'Proteína');
INSERT INTO ingredients (_id, name, type) VALUES ('1ee3f9c7-3467-46d5-86f5-2bab65e29568', 'Pimentão Vermelho', 'Hortifruti');
INSERT INTO ingredients (_id, name, type) VALUES ('445009cd-5a72-43f3-8137-0185948de15f', 'Pimentão Verde', 'Hortifruti');
INSERT INTO ingredients (_id, name, type) VALUES ('6d4c6bfc-c2ae-4407-acdd-9a4e04d0dc05', 'Linguiça Calabresa', 'Frio');
INSERT INTO ingredients (_id, name, type) VALUES ('d74dbad9-537e-4b0d-add8-cc68915c9fa9', 'Costelinha Suína', 'Proteína');
INSERT INTO ingredients (_id, name, type) VALUES ('fdc94fd8-1d90-4b23-98fa-adaf7736f232', 'Bacon Em Cubos', 'Frio');
INSERT INTO ingredients (_id, name, type) VALUES ('30d419e4-e627-4039-bd52-a1fec3eff4d6', 'Tilápia', 'Proteína');
INSERT INTO ingredients (_id, name, type) VALUES ('7afef5cf-2b87-4b8f-bdcd-f1701544e995', 'Pimentão Amarelo', 'Hortifruti');
INSERT INTO ingredients (_id, name, type) VALUES ('9626474a-f0d6-4b0f-9592-b579bd5fa6ee', 'Tomate', 'Hortifruti');
INSERT INTO ingredients (_id, name, type) VALUES ('fde7b5e7-4a66-4854-bce1-2235981b411c', 'Limão', 'Hortifruti');
INSERT INTO ingredients (_id, name, type) VALUES ('afc16878-c32b-4fc8-b955-94444c348369', 'Cenoura', 'Hortifruti');
INSERT INTO ingredients (_id, name, type) VALUES ('b09c6b03-90ef-4586-9205-ea285e402624', 'Presunto', 'Frio');
INSERT INTO ingredients (_id, name, type) VALUES ('44115609-e026-42fa-aaea-9f317d547c93', 'Muçarela', 'Frio');
INSERT INTO ingredients (_id, name, type) VALUES ('17c13193-86af-493a-8789-5e3465cb3f7f', 'Requeijão', 'Frio');
INSERT INTO ingredients (_id, name, type) VALUES ('8d5598a0-869e-426b-b843-42950db4cae7', 'Queijo Parmesão', 'Frio');
INSERT INTO ingredients (_id, name, type) VALUES ('a315fc35-09f0-42fd-89ac-453f72d1d8dc', 'Linguiça Defumada', 'Frio');
INSERT INTO ingredients (_id, name, type) VALUES ('6d09b687-b94c-4099-abae-bbe785917fd7', 'Ervilha Congelada', 'Frio');
INSERT INTO ingredients (_id, name, type) VALUES ('5db091ec-3cd9-4310-a2e7-c726c3b05a1d', 'Bacalhau', 'Proteína');
INSERT INTO ingredients (_id, name, type) VALUES ('1eb4f81b-a514-4a0e-b26b-3082d49d8d30', 'Batata Inglesa', 'Hortifruti');
INSERT INTO ingredients (_id, name, type) VALUES ('df236df4-802b-48ed-af54-5b28fed12aaf', 'Peito de Frango', 'Proteína');
INSERT INTO ingredients (_id, name, type) VALUES ('73ff3a29-9aee-4ec2-a55d-34f0ec43b439', 'Tomilho', 'Hortifruti');
INSERT INTO ingredients (_id, name, type) VALUES ('55bda1ea-beaf-473b-99e8-030ea8792dbb', 'Coxão Duro', 'Proteína');
INSERT INTO ingredients (_id, name, type) VALUES ('2a9235bf-488a-4e25-8589-26b1574d0adf', 'Bacon Em Fatias', 'Frio');
INSERT INTO ingredients (_id, name, type) VALUES ('39fa3411-5f49-40be-a4ec-83271ccd908e', 'Contra filé  Bovino', 'Proteína');
INSERT INTO ingredients (_id, name, type) VALUES ('50f4da24-1010-4fe1-b041-924eccef389d', 'Lombo Suíno', 'Proteína');
INSERT INTO ingredients (_id, name, type) VALUES ('f754ec9c-2c36-4a04-9bc7-f0c8abc528ed', 'Bisteca Suína', 'Proteína');
INSERT INTO ingredients (_id, name, type) VALUES ('ccdea091-017f-4b46-b046-72de5cbc9150', 'Acém Bovino', 'Proteína');
INSERT INTO ingredients (_id, name, type) VALUES ('a98e7d07-29ee-49a7-afd0-5f3f00d94058', 'Músculo Bovino', 'Proteína');
INSERT INTO ingredients (_id, name, type) VALUES ('01617b41-ab53-43f2-a4eb-f82f4245e692', 'Mandioca', 'Hortifruti');
INSERT INTO ingredients (_id, name, type) VALUES ('af24e1f1-6b72-48f9-96de-160f596ed658', 'Fraldinha Bovina', 'Proteína');
INSERT INTO ingredients (_id, name, type) VALUES ('46b780f4-1765-451a-89ac-1d457bb6688b', 'Coxa e sobrecoxa de Frango', 'Proteína');
INSERT INTO ingredients (_id, name, type) VALUES ('8427b753-b57d-4f79-a3db-bac101b28277', 'Coxinha da asa de Frango', 'Proteína');
INSERT INTO ingredients (_id, name, type) VALUES ('690d4a29-daef-4984-83f0-b7f1e0463a8a', 'Dobradinha/bucho', 'Proteína');
INSERT INTO ingredients (_id, name, type) VALUES ('910685e7-5995-4195-bd02-3c6be7da019f', 'Filé Mignon Bovino', 'Proteína');
INSERT INTO ingredients (_id, name, type) VALUES ('d1f99d09-4fa4-4e30-a1ae-5e8696398a04', 'Baroa', 'Hortifruti');
INSERT INTO ingredients (_id, name, type) VALUES ('d462a275-e77e-46b6-bce3-f22d6d450c8b', 'Salmão', 'Proteína');
INSERT INTO ingredients (_id, name, type) VALUES ('c78e32a9-ef50-44e9-a182-468147bf5f89', 'Batata Doce', 'Hortifruti');
INSERT INTO ingredients (_id, name, type) VALUES ('47b36cbc-3376-46c3-b818-5da14f96e397', 'Filé de peito de Frango', 'Proteína');
INSERT INTO ingredients (_id, name, type) VALUES ('64b6ff83-add3-4526-b851-d3985fb90f9a', 'Cogumelo De Paris', 'Hortifruti');
INSERT INTO ingredients (_id, name, type) VALUES ('c3aefb70-53fd-4d4a-973a-1f5a579bdcf9', 'Creme De Leite Fresco', 'Frio');
INSERT INTO ingredients (_id, name, type) VALUES ('18e63db3-8fd3-4f9c-80cc-7fdeaee3a11d', 'Fígado  Bovino', 'Proteína');
INSERT INTO ingredients (_id, name, type) VALUES ('35f7f888-6ad4-4823-9dd8-0defca817c93', 'Laranja Pera Rio', 'Hortifruti');
INSERT INTO ingredients (_id, name, type) VALUES ('40a94035-46e3-497b-893a-18996a6946a2', 'Filé de sobrecoxa de Frango', 'Proteína');
INSERT INTO ingredients (_id, name, type) VALUES ('974dd458-1224-45ad-95c9-2937d157f5f9', 'Filezinho Suíno', 'Proteína');
INSERT INTO ingredients (_id, name, type) VALUES ('5e8a9eec-b60f-460f-9a24-c3950df3dc37', 'Maça Fugi', 'Hortifruti');
INSERT INTO ingredients (_id, name, type) VALUES ('27dd8359-c265-4547-a49b-f9f771599298', 'Coentro', 'Hortifruti');
INSERT INTO ingredients (_id, name, type) VALUES ('289e48b1-2069-4e40-bceb-68697cd5a46a', 'Quiabo', 'Hortifruti');
INSERT INTO ingredients (_id, name, type) VALUES ('c38b8684-b83c-4a50-82cd-fa54d43da899', 'Frango a passarinho', 'Proteína');
INSERT INTO ingredients (_id, name, type) VALUES ('8cf3b3ed-e52a-42f0-99e8-414cea3ea0b6', 'Lagarto  Bovino', 'Proteína');
INSERT INTO ingredients (_id, name, type) VALUES ('3050f7f6-44ed-433a-81d0-168df40c39af', 'Abobrinha', 'Hortifruti');
INSERT INTO ingredients (_id, name, type) VALUES ('fc1a4e48-0109-4136-a3b8-477b04a02d32', 'Beringela', 'Hortifruti');
INSERT INTO ingredients (_id, name, type) VALUES ('1cb94675-9655-40bb-8544-73b36fea0cdd', 'Lingua  Bovina', 'Proteína');
INSERT INTO ingredients (_id, name, type) VALUES ('8a11369f-89db-4ecd-8a27-8d4253539f0d', 'Linguiça Suína', 'Proteína');
INSERT INTO ingredients (_id, name, type) VALUES ('7cee5cc9-24cd-4e46-a63a-924b36e46b85', 'Abacaxi', 'Hortifruti');
INSERT INTO ingredients (_id, name, type) VALUES ('b5b90f6f-d201-4631-985f-7acc4a1b1fc3', 'Bacon', 'Frio');
INSERT INTO ingredients (_id, name, type) VALUES ('dfcd4f72-e202-47bc-9550-d787504403e3', 'Linguiça Toscana', 'Frio');
INSERT INTO ingredients (_id, name, type) VALUES ('00d265c2-83af-499c-ab1b-8045c62d7f9d', 'Brócolis', 'Hortifruti');
INSERT INTO ingredients (_id, name, type) VALUES ('bab51a61-ef99-4c43-bee5-f570ef6d4045', 'Panceta Suína', 'Proteína');
INSERT INTO ingredients (_id, name, type) VALUES ('8f1c7ee4-465f-48eb-9648-549b535c484c', 'Badejo', 'Proteína');
INSERT INTO ingredients (_id, name, type) VALUES ('95de6c92-8547-46ba-8072-8fe0a8422532', 'Cação', 'Proteína');
INSERT INTO ingredients (_id, name, type) VALUES ('5ecb384d-70f1-49cd-8077-cc3b9e034056', 'Pernil suíno', 'Proteína');
INSERT INTO ingredients (_id, name, type) VALUES ('fe2c50c2-337a-4535-87bd-e75cb4e853f2', 'Picanha Suína', 'Proteína');
INSERT INTO ingredients (_id, name, type) VALUES ('54db01b6-a1da-4d92-b6ef-7c063fb1ee18', 'Hortelã', 'Hortifruti');
INSERT INTO ingredients (_id, name, type) VALUES ('5318c071-74dc-4a86-ac79-fc8e1e0b13d5', 'Rabo bovino', 'Proteína');
INSERT INTO ingredients (_id, name, type) VALUES ('b683a759-0af2-4149-9eb5-1935906c0a6f', 'Agrião', 'Hortifruti');
INSERT INTO ingredients (_id, name, type) VALUES ('b660679d-6d15-47c8-9c50-43ef26b83c71', 'Massa De Pastel Fresca', 'Frio');
INSERT INTO ingredients (_id, name, type) VALUES ('71a5b954-0b4c-4ea1-858a-f3a32ce8afc9', 'Sobrecoxa de Frango', 'Proteína');
INSERT INTO ingredients (_id, name, type) VALUES ('08155da5-5414-4619-a43b-04eb1bf1f91c', 'Batata Bolinha', 'Hortifruti');
INSERT INTO ingredients (_id, name, type) VALUES ('be6e8376-7a52-432b-af3b-85a3c25e0cb0', 'Merluza', 'Proteína');
INSERT INTO ingredients (_id, name, type) VALUES ('a0e70e14-558b-453d-b8f1-a8fb6a77e6fb', 'Tulipa de Frango', 'Proteína');
INSERT INTO ingredients (_id, name, type) VALUES ('723b4248-b197-4185-8c00-db73f85ebf90', 'Camarão', 'Proteína');
INSERT INTO ingredients (_id, name, type) VALUES ('b550e9bc-568f-489b-b5a5-31e8c4064fe2', 'Cheiro Verde', 'Hortifruti');
INSERT INTO ingredients (_id, name, type) VALUES ('84f99194-91d3-4153-8a2d-2f884c3e7ebe', 'Repolho Branco', 'Hortifruti');
INSERT INTO ingredients (_id, name, type) VALUES ('7574484d-49b7-401d-b8a0-5d796ee47ec6', 'Tomatinho Italiano', 'Hortifruti');
INSERT INTO ingredients (_id, name, type) VALUES ('5f3ec304-1f95-40dc-9d4c-39273fcc1052', 'Brócolis Ninja', 'Hortifruti');
INSERT INTO ingredients (_id, name, type) VALUES ('8f9c3efd-8f45-41b7-962e-9970f25e90f0', 'Queijo Para Gratinar', 'Frio');
INSERT INTO ingredients (_id, name, type) VALUES ('93dab001-1852-427f-8ac6-0e2c5e823dd4', 'Alface Americana', 'Hortifruti');
INSERT INTO ingredients (_id, name, type) VALUES ('628fc4d7-a7ac-4302-b89a-fd84a8582717', 'Tomatinho Cereja', 'Hortifruti');
INSERT INTO ingredients (_id, name, type) VALUES ('176201c2-7de7-48a9-9712-f18c60969c9e', 'Manga', 'Hortifruti');
INSERT INTO ingredients (_id, name, type) VALUES ('0b7ef6e4-7e82-4719-b3d0-ee24aa9017d6', 'Beterraba', 'Hortifruti');
INSERT INTO ingredients (_id, name, type) VALUES ('f4b12a95-fc71-4719-8e9c-1664b275535d', 'Vagem', 'Hortifruti');
INSERT INTO ingredients (_id, name, type) VALUES ('cc45b90e-e718-4cf9-89e7-960b3b1dc6c1', 'Frango', 'Proteína');
INSERT INTO ingredients (_id, name, type) VALUES ('23c1455c-2693-4336-bcd5-cb571e2f3489', 'Couve', 'Hortifruti');
INSERT INTO ingredients (_id, name, type) VALUES ('d6356400-27b4-4b49-8c44-2b0b3e97600e', 'Repolho Roxo', 'Hortifruti');
INSERT INTO ingredients (_id, name, type) VALUES ('d40b8df5-4811-4f5f-aa78-53e19f321c9b', 'Pepino', 'Hortifruti');
INSERT INTO ingredients (_id, name, type) VALUES ('30891c56-8760-4ce5-883e-79b58240ad2f', 'Cebola Roxa', 'Hortifruti');
INSERT INTO ingredients (_id, name, type) VALUES ('8f9515cd-0fa0-4c67-8078-54833afa5293', 'Manjericão', 'Hortifruti');
INSERT INTO ingredients (_id, name, type) VALUES ('ade4d8d4-e07a-4f86-bb74-0c534993ff5d', 'Pepino Japonês', 'Hortifruti');
INSERT INTO ingredients (_id, name, type) VALUES ('388f61fa-72dc-46dd-a2d8-657c73e77c89', 'Rabanete', 'Hortifruti');
INSERT INTO ingredients (_id, name, type) VALUES ('212be2b0-4463-4a79-bf58-53dd1bd0b0ee', 'Muçarela De Búfala', 'Frio');
INSERT INTO ingredients (_id, name, type) VALUES ('b6631adb-9c57-46d4-866c-13e8d6433909', 'Couve-Flor', 'Hortifruti');
INSERT INTO ingredients (_id, name, type) VALUES ('02e095ad-d985-414f-97ec-83323add9802', 'Laranja Bahia', 'Hortifruti');
INSERT INTO ingredients (_id, name, type) VALUES ('e07fbaf1-69f7-49df-821c-75a8a13fc71c', 'Abacate', 'Hortifruti');
INSERT INTO ingredients (_id, name, type) VALUES ('5813c681-8b58-4a37-b121-fc5b6d940ead', 'Rúcula', 'Hortifruti');
INSERT INTO ingredients (_id, name, type) VALUES ('edbab5e4-c4bf-405c-98fa-dc45b2504454', 'Alface Roxa', 'Hortifruti');
INSERT INTO ingredients (_id, name, type) VALUES ('c39ee5a7-a182-41cb-bcd2-2eb00cd06fce', 'Queijo Meia-Cura', 'Frio');
INSERT INTO ingredients (_id, name, type) VALUES ('46c5221b-ee0c-495f-a97a-7a70e79ba5e4', 'Aipo', 'Hortifruti');
INSERT INTO ingredients (_id, name, type) VALUES ('0008d959-ed4c-4b6b-80ce-65ff8f24281a', 'Alface Lisa', 'Hortifruti');
INSERT INTO ingredients (_id, name, type) VALUES ('caa6cbef-11f8-4466-9259-152648b16c4f', 'Brócolis Folhoso', 'Hortifruti');
INSERT INTO ingredients (_id, name, type) VALUES ('9be9ffbb-42ea-4dab-a21f-231734872eb0', 'Pimenta Dedo De Moça', 'Hortifruti');
INSERT INTO ingredients (_id, name, type) VALUES ('ae974228-e51b-4d82-b5d8-a67bd74acff7', 'Queijo Frescal', 'Frio');
INSERT INTO ingredients (_id, name, type) VALUES ('a7f05fdd-e918-4313-814c-37a38e2bc1e2', 'Alface Crespa', 'Hortifruti');
INSERT INTO ingredients (_id, name, type) VALUES ('ae3d20eb-2034-4a79-8a6d-8e1febc04ea0', 'Maça Verde', 'Hortifruti');
INSERT INTO ingredients (_id, name, type) VALUES ('934696db-2121-49ce-9ba2-540e59c40a70', 'Peito De Peru', 'Frio');
INSERT INTO ingredients (_id, name, type) VALUES ('cdc81470-06e6-43a8-9309-e16239727d3d', 'Iogurte Natural', 'Frio');
INSERT INTO ingredients (_id, name, type) VALUES ('10354beb-6470-471a-a743-8e50493f570b', 'Acelga', 'Hortifruti');
INSERT INTO ingredients (_id, name, type) VALUES ('1d22aa4e-c203-40ba-a861-f17848e54ba5', 'Morango', 'Hortifruti');
INSERT INTO ingredients (_id, name, type) VALUES ('25a22643-7118-4732-9748-7d75fc7e4368', 'Abobora Italiana', 'Hortifruti');
INSERT INTO ingredients (_id, name, type) VALUES ('57dd2083-c6c1-4440-94e9-d36a108b2522', 'Abóbora Japonesa', 'Hortifruti');
INSERT INTO ingredients (_id, name, type) VALUES ('8a423c54-f713-4c72-8c31-0e4c08dd9bcd', 'Abóbora Moranga', 'Hortifruti');
INSERT INTO ingredients (_id, name, type) VALUES ('8b3dc5fd-fc80-43c0-b230-43408ea53373', 'Almeirão', 'Hortifruti');
INSERT INTO ingredients (_id, name, type) VALUES ('f1abc9c9-0e78-4432-a0ae-5f227c190784', 'Banana Da Terra', 'Hortifruti');
INSERT INTO ingredients (_id, name, type) VALUES ('7323e54e-bb37-41a0-ba65-0c54c7d597c6', 'Queijo Parmesão Ralado', 'Frio');
INSERT INTO ingredients (_id, name, type) VALUES ('e8c3076f-a443-4b2c-8d85-688330468234', 'Batata Roxa', 'Hortifruti');
INSERT INTO ingredients (_id, name, type) VALUES ('ef40c54f-9323-4ab0-81f5-e461ed917a59', 'Chuchu', 'Hortifruti');
INSERT INTO ingredients (_id, name, type) VALUES ('2abf193b-f4a0-4155-a469-6a67e0560c90', 'Espinafre', 'Hortifruti');
INSERT INTO ingredients (_id, name, type) VALUES ('7ef32e0b-fd90-4d0f-a5b1-4321ca9cd49c', 'Inhame', 'Hortifruti');
INSERT INTO ingredients (_id, name, type) VALUES ('c110eaf8-9358-4492-a231-553ea31d9d8d', 'Jiló', 'Hortifruti');
INSERT INTO ingredients (_id, name, type) VALUES ('a9febf06-cf4b-4fb9-b41c-d2388e51d080', 'Espiga De Milho', 'Hortifruti');
INSERT INTO ingredients (_id, name, type) VALUES ('5f762540-4c8e-4013-ae7c-c4b624374f01', 'Taioba', 'Hortifruti');
INSERT INTO ingredients (_id, name, type) VALUES ('f1f644af-6ca0-4a3e-8da9-2e520410ffa9', 'Banana Prata', 'Hortifruti');
INSERT INTO items (_id, name, type) VALUES ('8bce1d8e-c939-4371-a49d-bd4cef859e79', 'Almondega ', 'Prato principal');
INSERT INTO items (_id, name, type) VALUES ('4c6f2aea-7b51-412c-aebb-ca34b8ed6dc4', 'Arroz Carreteiro', 'Prato principal');
INSERT INTO items (_id, name, type) VALUES ('c23ec282-4d59-4d73-9261-a3d6d2a7ef69', 'Arroz Com Costelinha Suína', 'Prato principal');
INSERT INTO items (_id, name, type) VALUES ('49f1eb09-c15b-4fbe-be9a-21d6f11d7a73', 'Arroz Com Peixe', 'Prato principal');
INSERT INTO items (_id, name, type) VALUES ('ebd0f169-6687-4121-93fb-bdd991ff9025', 'Arroz De Forno Cremoso', 'Prato principal');
INSERT INTO items (_id, name, type) VALUES ('6f72ed51-647a-465f-91d4-d42dda71459a', 'Arroz Preguiçoso', 'Prato principal');
INSERT INTO items (_id, name, type) VALUES ('734ea299-e092-4cae-9283-bbfc0910486f', 'Arroz Temperado Com Calabresa', 'Prato principal');
INSERT INTO items (_id, name, type) VALUES ('f1a461cb-f8c3-4a62-b257-3c833b0ad34e', 'Bacalhau Assado', 'Prato principal');
INSERT INTO items (_id, name, type) VALUES ('e0af6896-0df4-48a6-a1ee-97f37fffa461', 'Batata Gratinada Com Frango Desfiado ', 'Prato principal');
INSERT INTO items (_id, name, type) VALUES ('783be66a-c5fb-4c61-ad9b-a64ba29be056', 'Bife A Rolê', 'Prato principal');
INSERT INTO items (_id, name, type) VALUES ('31872df5-8642-4ec0-b750-d2c95a7c5675', 'Bife De Boi Acebolado', 'Prato principal');
INSERT INTO items (_id, name, type) VALUES ('974b2f92-436f-4b09-a36e-ea9d5ba3a70a', 'Bife De Lombo Acebolado', 'Prato principal');
INSERT INTO items (_id, name, type) VALUES ('c412f074-2f6a-45b7-b3b3-eef8b576efbf', 'Bifinho De Carne Moída', 'Prato principal');
INSERT INTO items (_id, name, type) VALUES ('f3b15dd1-20b5-44d9-87ff-f502b219de09', 'Bisteca Suína Grelhada', 'Prato principal');
INSERT INTO items (_id, name, type) VALUES ('e837c853-5d4e-4e46-81a7-28186e5407e3', 'Bolo De Carne', 'Prato principal');
INSERT INTO items (_id, name, type) VALUES ('dc82e090-032b-4539-9408-7307ddaf1f52', 'Carne Cozida Com Legumes (Cenoura E Batata)', 'Prato principal');
INSERT INTO items (_id, name, type) VALUES ('6b69251e-3190-4560-8311-a02988b0d9ed', 'Carne Cozida Com Mandioca', 'Prato principal');
INSERT INTO items (_id, name, type) VALUES ('adbe9a3d-7e02-4c34-accd-a15d7743c18f', 'Carne De Boi Assada', 'Prato principal');
INSERT INTO items (_id, name, type) VALUES ('5c40a2c4-cd46-44c1-b6fa-6c94675815a0', 'Carne De Porco Ensopada', 'Prato principal');
INSERT INTO items (_id, name, type) VALUES ('ec892391-903e-4ac0-a498-6ed68c3417d9', 'Carne Moída Com Batata', 'Prato principal');
INSERT INTO items (_id, name, type) VALUES ('a384b3b4-1096-447a-9c7b-42c2b790a5aa', 'Carne Moida Refogada Com Cebola E Pimentão Vermelho  ', 'Prato principal');
INSERT INTO items (_id, name, type) VALUES ('20e8c9b8-5148-4047-a4d0-59dcc0557867', 'Conchiglione Com Frango Desfiado ', 'Prato principal');
INSERT INTO items (_id, name, type) VALUES ('aced313c-d1f6-433c-b6ab-02dfaac17b1b', 'Costelinha  Suína Assada ', 'Prato principal');
INSERT INTO items (_id, name, type) VALUES ('33a12081-a1fd-4fdf-9593-c0db5b9ef19c', 'Coxa E Sobrecoxa De Frango Assada ', 'Prato principal');
INSERT INTO items (_id, name, type) VALUES ('656af48c-8368-4948-859a-08ffa7601297', 'Coxinha Da Asa Assada ', 'Prato principal');
INSERT INTO items (_id, name, type) VALUES ('4d21ac26-2fb2-4e7b-aa92-36ac76d1c75c', 'Dobradinha Com Feijão Branco', 'Prato principal');
INSERT INTO items (_id, name, type) VALUES ('e3ac4cff-0da1-4729-9721-2e2bb84278be', 'Escalope De Filá', 'Prato principal');
INSERT INTO items (_id, name, type) VALUES ('972a03eb-58b7-405f-a552-46f985d2f485', 'Escondidinho De Baroa Com Carne Moída ', 'Prato principal');
INSERT INTO items (_id, name, type) VALUES ('5f4abded-509d-4ae2-8384-1bf92c27cf8b', 'Escondidinho De Batata Com Carne Desfiada', 'Prato principal');
INSERT INTO items (_id, name, type) VALUES ('f6076572-e53d-4037-99fd-2554735ca9ff', 'Escondidinho De Batata Com Salmão', 'Prato principal');
INSERT INTO items (_id, name, type) VALUES ('3dfa297e-ff5b-4cb6-bf03-7ded8ae6d226', 'Escondidinho De Batata Doce Com Carne Cozida Desfiada', 'Prato principal');
INSERT INTO items (_id, name, type) VALUES ('0419445e-a56d-4818-8f23-94a851d08b5c', 'Escondidinho De Mandioca Com Frango Desfiado ', 'Prato principal');
INSERT INTO items (_id, name, type) VALUES ('901ee780-14b4-434c-a596-a2be30ab955a', 'Espaguete A Bolonhesa', 'Prato principal');
INSERT INTO items (_id, name, type) VALUES ('d64edd96-dd8e-4f58-86a1-1d8efcc92656', 'Espetinho De Frango Pimentão E Cebola', 'Prato principal');
INSERT INTO items (_id, name, type) VALUES ('3b4c124e-d02f-478f-b378-cb307de640c3', 'Estogonofe De Frango', 'Prato principal');
INSERT INTO items (_id, name, type) VALUES ('cc3b62dc-069c-4cd3-a8ac-597ab1963757', 'Estrogonofe De Boi', 'Prato principal');
INSERT INTO items (_id, name, type) VALUES ('f497b174-cf71-4018-8277-2d9a484a616d', 'Figado Acebolado ', 'Prato principal');
INSERT INTO items (_id, name, type) VALUES ('13c12f67-2dfa-4273-95bf-0e41d622683c', 'Filé De Frango Acebolado', 'Prato principal');
INSERT INTO items (_id, name, type) VALUES ('ce7bb2a4-084f-4544-90eb-1f5261f6770e', 'Filé De Frango Marinado Na Laranja Grelhado ', 'Prato principal');
INSERT INTO items (_id, name, type) VALUES ('d172b3d9-cafd-43b7-96cf-948338b59c6d', 'Filé De Peito De Frango Em Iscas Acebolado', 'Prato principal');
INSERT INTO items (_id, name, type) VALUES ('5849063a-0700-417d-b1af-8787b3a08c41', 'Filé De Peito De Frango Grelhado', 'Prato principal');
INSERT INTO items (_id, name, type) VALUES ('64bbcff2-c8f2-48de-8b94-d93190ea9f04', 'Filé De Peixe Grelhado.', 'Prato principal');
INSERT INTO items (_id, name, type) VALUES ('d9b1ef39-a524-4f70-bf7b-d0aa681881db', 'File De Sobrecoxa (Sobrecoxa Desossada) Grelhado', 'Prato principal');
INSERT INTO items (_id, name, type) VALUES ('cbd3e80e-8b55-4436-a9af-3b2a78f04ee4', 'Filezinho De Porco Peça Assado', 'Prato principal');
INSERT INTO items (_id, name, type) VALUES ('f15ee360-4f79-4aa3-99a7-e114ee83a03e', 'Frango Ao Creme De Milho Verde', 'Prato principal');
INSERT INTO items (_id, name, type) VALUES ('afbabacb-f74f-43ce-b7a9-5f83cc30177c', 'Frango Ao Curry', 'Prato principal');
INSERT INTO items (_id, name, type) VALUES ('f0ffa6e4-5c85-44c7-a27a-654e7323d5e7', 'Frango Ao Leite De Coco', 'Prato principal');
INSERT INTO items (_id, name, type) VALUES ('49cfdcfe-e04a-404c-9701-18763e7f724c', 'Frango Ensopado Com Legumes', 'Prato principal');
INSERT INTO items (_id, name, type) VALUES ('de01c12d-394e-4d9c-8b87-20a35329317a', 'Frango Ensopado Com Quiabo', 'Prato principal');
INSERT INTO items (_id, name, type) VALUES ('0283b269-7c4e-4a9a-8fa7-60283150f4e0', 'Fricassê De Frango', 'Prato principal');
INSERT INTO items (_id, name, type) VALUES ('3b83f5bb-8691-4315-bea6-0db4208c88cd', 'Galinhada Fit', 'Prato principal');
INSERT INTO items (_id, name, type) VALUES ('7a53ef74-be02-4bb3-a701-51e7c10133ad', 'Hamburguer Caseiro', 'Prato principal');
INSERT INTO items (_id, name, type) VALUES ('3afad3ff-43a8-41aa-84c4-c5d8eb28662b', 'Isca De Boi Acebolada ', 'Prato principal');
INSERT INTO items (_id, name, type) VALUES ('589a24b3-daac-4fbc-902b-e0bcf2d6e763', 'Lagarto Assado ', 'Prato principal');
INSERT INTO items (_id, name, type) VALUES ('7fdb1c6c-cfe8-4b24-894b-97e1b00992e6', 'Lasanha À Bolonhesa', 'Prato principal');
INSERT INTO items (_id, name, type) VALUES ('f5dfdc0f-9736-46a9-ab0f-4d63211f28fc', 'Lasanha De Abobrinha Com Frango Desfiado', 'Prato principal');
INSERT INTO items (_id, name, type) VALUES ('2abc6c2c-4933-42d8-b9bd-07dd667d92bf', 'Lasanha De Beringela', 'Prato principal');
INSERT INTO items (_id, name, type) VALUES ('a7185ca9-6b11-450a-903e-8d05b0052efb', 'Lingua De Boi Cozida', 'Prato principal');
INSERT INTO items (_id, name, type) VALUES ('d8f3a890-f5e8-4a34-843b-d82a5fced305', 'Linguica Assada ', 'Prato principal');
INSERT INTO items (_id, name, type) VALUES ('79dcd6fb-8341-4299-8a2e-210e8da3c7be', 'Lombo Assado Com Abacaxi', 'Prato principal');
INSERT INTO items (_id, name, type) VALUES ('1df8a0c9-4048-4d14-8564-b11f41b45a31', 'Macarrão Carbonara', 'Prato principal');
INSERT INTO items (_id, name, type) VALUES ('7a5257e1-9b23-4fdc-851c-7b57621f7d85', 'Macarrao Com Atum ', 'Prato principal');
INSERT INTO items (_id, name, type) VALUES ('773d6976-70e3-4b78-8e4b-d93d7b13f56c', 'Macarrão Com Linguiça Na Panela De Pressão', 'Prato principal');
INSERT INTO items (_id, name, type) VALUES ('1c15b9cc-3f6b-496b-8a3e-b9a842660bcc', 'Macarrão Integral Com Carne E Legumes', 'Prato principal');
INSERT INTO items (_id, name, type) VALUES ('93f0aa9a-4ea4-4f7f-8fc2-87e9ce81bd14', 'Nuggets Caseiro ', 'Prato principal');
INSERT INTO items (_id, name, type) VALUES ('068cc71f-acfd-4cb7-b3ac-1e5c4ced5027', 'Omelete De Forno ', 'Prato principal');
INSERT INTO items (_id, name, type) VALUES ('ebd315ed-5ab8-461c-bd02-572d7c002556', 'Panceta', 'Prato principal');
INSERT INTO items (_id, name, type) VALUES ('594ae01c-e3c5-4e2d-8552-0e97f44647bf', 'Parmegiana De Boi', 'Prato principal');
INSERT INTO items (_id, name, type) VALUES ('d064ed56-ab03-4d66-a091-822f5bd4b5d0', 'Parmegiana De Carne Moida', 'Prato principal');
INSERT INTO items (_id, name, type) VALUES ('b30d6897-0546-4e29-8630-65e345b5f549', 'Parmegiana De Frango', 'Prato principal');
INSERT INTO items (_id, name, type) VALUES ('d3912a79-968d-44de-8117-31c3a28829cd', 'Peixada', 'Prato principal');
INSERT INTO items (_id, name, type) VALUES ('d5881f26-1eff-4360-95a0-2361a5799476', 'Peixe Assado ', 'Prato principal');
INSERT INTO items (_id, name, type) VALUES ('b4650937-696f-424c-b1a4-60e1e1b25126', 'Peixe Assado Com Batatas', 'Prato principal');
INSERT INTO items (_id, name, type) VALUES ('7c95f35c-a925-454d-81b3-b91118dbbf8d', 'Peixe Ensopado', 'Prato principal');
INSERT INTO items (_id, name, type) VALUES ('58863ceb-999f-4aa0-9f91-1536d63cc173', 'Penne Com Ragu De Linguiça Toscana', 'Prato principal');
INSERT INTO items (_id, name, type) VALUES ('2c15cc9a-1469-43af-b461-1d952385a19f', 'Penne Gratinado Com Frango', 'Prato principal');
INSERT INTO items (_id, name, type) VALUES ('ae95a784-f130-42ef-a70a-6cb99e1453c9', 'Penne Integral Ao Molho Bolonhesa ', 'Prato principal');
INSERT INTO items (_id, name, type) VALUES ('e076f94d-c298-4780-8d60-92fa2f152c45', 'Pernil De Porco Assado', 'Prato principal');
INSERT INTO items (_id, name, type) VALUES ('759920f3-bc21-44ba-ba0e-22dbd61abe1c', 'Picadinho De Carne', 'Prato principal');
INSERT INTO items (_id, name, type) VALUES ('97982f94-f09b-436b-bb39-4339ca5ae904', 'Picanha Suina Assada', 'Prato principal');
INSERT INTO items (_id, name, type) VALUES ('e74a0162-a090-492b-a48b-53e47ddf810c', 'Quibe Assado', 'Prato principal');
INSERT INTO items (_id, name, type) VALUES ('98722ec7-af67-4fda-b4e6-b9fe36397047', 'Rabada', 'Prato principal');
INSERT INTO items (_id, name, type) VALUES ('827878be-e8c0-471e-a428-4d1052ef16e4', 'Rondele De Presunto E Queijo', 'Prato principal');
INSERT INTO items (_id, name, type) VALUES ('804354f2-9b04-4109-a743-856fd1e32419', 'Salmão Grelhado', 'Prato principal');
INSERT INTO items (_id, name, type) VALUES ('891d6b1f-63b6-4813-a20d-21d4c4f700be', 'Sobrecoxa De Frango Assada', 'Prato principal');
INSERT INTO items (_id, name, type) VALUES ('8cd827d9-201b-45e4-b9c4-1741f530e1b2', 'Tilápia Assada Com Batatas', 'Prato principal');
INSERT INTO items (_id, name, type) VALUES ('9f30aa98-e953-45db-a26f-f488c9051b8a', 'Tilápia Empanada E Frita', 'Prato principal');
INSERT INTO items (_id, name, type) VALUES ('ad0e15ca-b2f1-4ece-9711-51073c727937', 'Tirinhas De Carne De Porco Acebolada', 'Prato principal');
INSERT INTO items (_id, name, type) VALUES ('633cf4de-ba2f-4107-b7eb-4187e16f88be', 'Tirinhas De Frango Acelholada', 'Prato principal');
INSERT INTO items (_id, name, type) VALUES ('f9c8d88d-47b7-41b2-bbbb-dbc4bb821732', 'Tirinhas De Peixe Empanado E Frito', 'Prato principal');
INSERT INTO items (_id, name, type) VALUES ('525c68ae-5874-49ac-a038-36fb91dba504', 'Tirinhas De Tilapia Frita ', 'Prato principal');
INSERT INTO items (_id, name, type) VALUES ('70a73da4-c3da-471b-bfa3-ab49b22ac20a', 'Trinha De Frango Empanado E Frito', 'Prato principal');
INSERT INTO items (_id, name, type) VALUES ('123d574d-9c1a-4d55-a0c5-2947efe09435', 'Tulipinha De Frango Assada', 'Prato principal');
INSERT INTO items (_id, name, type) VALUES ('25de6643-28e0-4bcf-8287-b656f037acb8', 'Bobó De Camarão', 'Prato principal');
INSERT INTO items (_id, name, type) VALUES ('6a9a4ee9-e39a-4ae0-b894-ce2d0ce6e285', 'Camarão Salteado', 'Prato principal');
INSERT INTO items (_id, name, type) VALUES ('45e8e68a-ff0c-46bc-8929-310d708b1f0b', 'Charuto', 'Prato principal');
INSERT INTO items (_id, name, type) VALUES ('16e0aa92-a3ee-49ab-8f84-f110d601189f', 'Espaguete Com Bacon E Tomate', 'Prato principal');
INSERT INTO items (_id, name, type) VALUES ('c3377eba-1289-4fc7-864b-ea729764d735', 'Macarrão Com Molho Branco, Brócolis, Bacon E Palmito', 'Prato principal');
INSERT INTO items (_id, name, type) VALUES ('4656809d-9466-486b-ab76-d792a6709172', 'Medalhão De Filé Mignon', 'Prato principal');
INSERT INTO items (_id, name, type) VALUES ('dad02602-b4ba-43d4-9778-bd0f3b4b735a', 'Medalhão De Frango', 'Prato principal');
INSERT INTO item_ingredients (menu_id, item_id, type) VALUES ('8bce1d8e-c939-4371-a49d-bd4cef859e79', '5ddababe-d19d-4ed8-9ecd-e4a35e3686db', 'Moída');
INSERT INTO item_ingredients (menu_id, item_id) VALUES ('8bce1d8e-c939-4371-a49d-bd4cef859e79', '3c6e7ada-b5d5-4613-9f34-b0c6946f6b52');
INSERT INTO item_ingredients (menu_id, item_id) VALUES ('8bce1d8e-c939-4371-a49d-bd4cef859e79', '3eba6cf0-95ff-4e56-9836-222e89a56abf');
INSERT INTO item_ingredients (menu_id, item_id) VALUES ('8bce1d8e-c939-4371-a49d-bd4cef859e79', 'f6bd14f0-b507-4b7c-a766-1a190b586578');
INSERT INTO item_ingredients (menu_id, item_id) VALUES ('8bce1d8e-c939-4371-a49d-bd4cef859e79', '0a1b9526-cbbf-498f-a32d-1fcdcf3c4dcf');
INSERT INTO item_ingredients (menu_id, item_id) VALUES ('8bce1d8e-c939-4371-a49d-bd4cef859e79', '18ff1847-f077-4e8a-96cc-d329d31876e8');
INSERT INTO item_ingredients (menu_id, item_id, type) VALUES ('4c6f2aea-7b51-412c-aebb-ca34b8ed6dc4', '9379bfb7-bafc-413a-a38a-c9125f2dabec', 'Pedaços pequenos');
INSERT INTO item_ingredients (menu_id, item_id) VALUES ('4c6f2aea-7b51-412c-aebb-ca34b8ed6dc4', '1ee3f9c7-3467-46d5-86f5-2bab65e29568');
INSERT INTO item_ingredients (menu_id, item_id) VALUES ('4c6f2aea-7b51-412c-aebb-ca34b8ed6dc4', '445009cd-5a72-43f3-8137-0185948de15f');
INSERT INTO item_ingredients (menu_id, item_id) VALUES ('4c6f2aea-7b51-412c-aebb-ca34b8ed6dc4', '3c6e7ada-b5d5-4613-9f34-b0c6946f6b52');
INSERT INTO item_ingredients (menu_id, item_id) VALUES ('4c6f2aea-7b51-412c-aebb-ca34b8ed6dc4', '0a1b9526-cbbf-498f-a32d-1fcdcf3c4dcf');
INSERT INTO item_ingredients (menu_id, item_id) VALUES ('4c6f2aea-7b51-412c-aebb-ca34b8ed6dc4', '6d4c6bfc-c2ae-4407-acdd-9a4e04d0dc05');
INSERT INTO item_ingredients (menu_id, item_id, type) VALUES ('c23ec282-4d59-4d73-9261-a3d6d2a7ef69', 'd74dbad9-537e-4b0d-add8-cc68915c9fa9', 'Pedaços pequenos');
INSERT INTO item_ingredients (menu_id, item_id) VALUES ('c23ec282-4d59-4d73-9261-a3d6d2a7ef69', '3c6e7ada-b5d5-4613-9f34-b0c6946f6b52');
INSERT INTO item_ingredients (menu_id, item_id) VALUES ('c23ec282-4d59-4d73-9261-a3d6d2a7ef69', '3eba6cf0-95ff-4e56-9836-222e89a56abf');
INSERT INTO item_ingredients (menu_id, item_id) VALUES ('c23ec282-4d59-4d73-9261-a3d6d2a7ef69', '0a1b9526-cbbf-498f-a32d-1fcdcf3c4dcf');
INSERT INTO item_ingredients (menu_id, item_id) VALUES ('c23ec282-4d59-4d73-9261-a3d6d2a7ef69', 'fdc94fd8-1d90-4b23-98fa-adaf7736f232');
INSERT INTO item_ingredients (menu_id, item_id, type) VALUES ('49f1eb09-c15b-4fbe-be9a-21d6f11d7a73', '30d419e4-e627-4039-bd52-a1fec3eff4d6', 'Filé');
INSERT INTO item_ingredients (menu_id, item_id) VALUES ('49f1eb09-c15b-4fbe-be9a-21d6f11d7a73', '7afef5cf-2b87-4b8f-bdcd-f1701544e995');
INSERT INTO item_ingredients (menu_id, item_id) VALUES ('49f1eb09-c15b-4fbe-be9a-21d6f11d7a73', '445009cd-5a72-43f3-8137-0185948de15f');
INSERT INTO item_ingredients (menu_id, item_id) VALUES ('49f1eb09-c15b-4fbe-be9a-21d6f11d7a73', '1ee3f9c7-3467-46d5-86f5-2bab65e29568');
INSERT INTO item_ingredients (menu_id, item_id) VALUES ('49f1eb09-c15b-4fbe-be9a-21d6f11d7a73', '9626474a-f0d6-4b0f-9592-b579bd5fa6ee');
INSERT INTO item_ingredients (menu_id, item_id) VALUES ('49f1eb09-c15b-4fbe-be9a-21d6f11d7a73', '3c6e7ada-b5d5-4613-9f34-b0c6946f6b52');
INSERT INTO item_ingredients (menu_id, item_id) VALUES ('49f1eb09-c15b-4fbe-be9a-21d6f11d7a73', 'fde7b5e7-4a66-4854-bce1-2235981b411c');
INSERT INTO item_ingredients (menu_id, item_id) VALUES ('49f1eb09-c15b-4fbe-be9a-21d6f11d7a73', '3eba6cf0-95ff-4e56-9836-222e89a56abf');
INSERT INTO item_ingredients (menu_id, item_id) VALUES ('ebd0f169-6687-4121-93fb-bdd991ff9025', 'afc16878-c32b-4fc8-b955-94444c348369');
INSERT INTO item_ingredients (menu_id, item_id) VALUES ('ebd0f169-6687-4121-93fb-bdd991ff9025', 'f6bd14f0-b507-4b7c-a766-1a190b586578');
INSERT INTO item_ingredients (menu_id, item_id) VALUES ('ebd0f169-6687-4121-93fb-bdd991ff9025', '0a1b9526-cbbf-498f-a32d-1fcdcf3c4dcf');
INSERT INTO item_ingredients (menu_id, item_id) VALUES ('ebd0f169-6687-4121-93fb-bdd991ff9025', 'b09c6b03-90ef-4586-9205-ea285e402624');
INSERT INTO item_ingredients (menu_id, item_id) VALUES ('ebd0f169-6687-4121-93fb-bdd991ff9025', '44115609-e026-42fa-aaea-9f317d547c93');
INSERT INTO item_ingredients (menu_id, item_id) VALUES ('ebd0f169-6687-4121-93fb-bdd991ff9025', '17c13193-86af-493a-8789-5e3465cb3f7f');
INSERT INTO item_ingredients (menu_id, item_id) VALUES ('ebd0f169-6687-4121-93fb-bdd991ff9025', '8d5598a0-869e-426b-b843-42950db4cae7');
INSERT INTO item_ingredients (menu_id, item_id) VALUES ('6f72ed51-647a-465f-91d4-d42dda71459a', 'afc16878-c32b-4fc8-b955-94444c348369');
INSERT INTO item_ingredients (menu_id, item_id) VALUES ('6f72ed51-647a-465f-91d4-d42dda71459a', '9626474a-f0d6-4b0f-9592-b579bd5fa6ee');
INSERT INTO item_ingredients (menu_id, item_id) VALUES ('6f72ed51-647a-465f-91d4-d42dda71459a', '445009cd-5a72-43f3-8137-0185948de15f');
INSERT INTO item_ingredients (menu_id, item_id) VALUES ('6f72ed51-647a-465f-91d4-d42dda71459a', '3c6e7ada-b5d5-4613-9f34-b0c6946f6b52');
INSERT INTO item_ingredients (menu_id, item_id) VALUES ('6f72ed51-647a-465f-91d4-d42dda71459a', 'a315fc35-09f0-42fd-89ac-453f72d1d8dc');
INSERT INTO item_ingredients (menu_id, item_id) VALUES ('734ea299-e092-4cae-9283-bbfc0910486f', '0a1b9526-cbbf-498f-a32d-1fcdcf3c4dcf');
INSERT INTO item_ingredients (menu_id, item_id) VALUES ('734ea299-e092-4cae-9283-bbfc0910486f', 'afc16878-c32b-4fc8-b955-94444c348369');
INSERT INTO item_ingredients (menu_id, item_id) VALUES ('734ea299-e092-4cae-9283-bbfc0910486f', '3c6e7ada-b5d5-4613-9f34-b0c6946f6b52');
INSERT INTO item_ingredients (menu_id, item_id) VALUES ('734ea299-e092-4cae-9283-bbfc0910486f', '6d4c6bfc-c2ae-4407-acdd-9a4e04d0dc05');
INSERT INTO item_ingredients (menu_id, item_id) VALUES ('734ea299-e092-4cae-9283-bbfc0910486f', '6d09b687-b94c-4099-abae-bbe785917fd7');
INSERT INTO item_ingredients (menu_id, item_id, type) VALUES ('f1a461cb-f8c3-4a62-b257-3c833b0ad34e', '5db091ec-3cd9-4310-a2e7-c726c3b05a1d', 'Filé');
INSERT INTO item_ingredients (menu_id, item_id) VALUES ('f1a461cb-f8c3-4a62-b257-3c833b0ad34e', '1eb4f81b-a514-4a0e-b26b-3082d49d8d30');
INSERT INTO item_ingredients (menu_id, item_id) VALUES ('f1a461cb-f8c3-4a62-b257-3c833b0ad34e', '3c6e7ada-b5d5-4613-9f34-b0c6946f6b52');
INSERT INTO item_ingredients (menu_id, item_id) VALUES ('f1a461cb-f8c3-4a62-b257-3c833b0ad34e', '445009cd-5a72-43f3-8137-0185948de15f');
INSERT INTO item_ingredients (menu_id, item_id) VALUES ('f1a461cb-f8c3-4a62-b257-3c833b0ad34e', '1ee3f9c7-3467-46d5-86f5-2bab65e29568');
INSERT INTO item_ingredients (menu_id, item_id) VALUES ('f1a461cb-f8c3-4a62-b257-3c833b0ad34e', '7afef5cf-2b87-4b8f-bdcd-f1701544e995');
INSERT INTO item_ingredients (menu_id, item_id) VALUES ('f1a461cb-f8c3-4a62-b257-3c833b0ad34e', '0a1b9526-cbbf-498f-a32d-1fcdcf3c4dcf');
INSERT INTO item_ingredients (menu_id, item_id, type) VALUES ('e0af6896-0df4-48a6-a1ee-97f37fffa461', 'df236df4-802b-48ed-af54-5b28fed12aaf', 'Desfiado');
INSERT INTO item_ingredients (menu_id, item_id) VALUES ('e0af6896-0df4-48a6-a1ee-97f37fffa461', '1eb4f81b-a514-4a0e-b26b-3082d49d8d30');
INSERT INTO item_ingredients (menu_id, item_id) VALUES ('e0af6896-0df4-48a6-a1ee-97f37fffa461', '3c6e7ada-b5d5-4613-9f34-b0c6946f6b52');
INSERT INTO item_ingredients (menu_id, item_id) VALUES ('e0af6896-0df4-48a6-a1ee-97f37fffa461', '3eba6cf0-95ff-4e56-9836-222e89a56abf');
INSERT INTO item_ingredients (menu_id, item_id) VALUES ('e0af6896-0df4-48a6-a1ee-97f37fffa461', '73ff3a29-9aee-4ec2-a55d-34f0ec43b439');
INSERT INTO item_ingredients (menu_id, item_id) VALUES ('e0af6896-0df4-48a6-a1ee-97f37fffa461', '18ff1847-f077-4e8a-96cc-d329d31876e8');
INSERT INTO item_ingredients (menu_id, item_id) VALUES ('e0af6896-0df4-48a6-a1ee-97f37fffa461', '44115609-e026-42fa-aaea-9f317d547c93');
INSERT INTO item_ingredients (menu_id, item_id, type) VALUES ('783be66a-c5fb-4c61-ad9b-a64ba29be056', '55bda1ea-beaf-473b-99e8-030ea8792dbb', 'Bife');
INSERT INTO item_ingredients (menu_id, item_id) VALUES ('783be66a-c5fb-4c61-ad9b-a64ba29be056', '3eba6cf0-95ff-4e56-9836-222e89a56abf');
INSERT INTO item_ingredients (menu_id, item_id) VALUES ('783be66a-c5fb-4c61-ad9b-a64ba29be056', 'afc16878-c32b-4fc8-b955-94444c348369');
INSERT INTO item_ingredients (menu_id, item_id) VALUES ('783be66a-c5fb-4c61-ad9b-a64ba29be056', '445009cd-5a72-43f3-8137-0185948de15f');
INSERT INTO item_ingredients (menu_id, item_id) VALUES ('783be66a-c5fb-4c61-ad9b-a64ba29be056', '2a9235bf-488a-4e25-8589-26b1574d0adf');
INSERT INTO item_ingredients (menu_id, item_id, type) VALUES ('31872df5-8642-4ec0-b750-d2c95a7c5675', '39fa3411-5f49-40be-a4ec-83271ccd908e', 'Bife');
INSERT INTO item_ingredients (menu_id, item_id) VALUES ('31872df5-8642-4ec0-b750-d2c95a7c5675', '3c6e7ada-b5d5-4613-9f34-b0c6946f6b52');
INSERT INTO item_ingredients (menu_id, item_id, type) VALUES ('974b2f92-436f-4b09-a36e-ea9d5ba3a70a', '50f4da24-1010-4fe1-b041-924eccef389d', 'Bife');
INSERT INTO item_ingredients (menu_id, item_id) VALUES ('974b2f92-436f-4b09-a36e-ea9d5ba3a70a', '3c6e7ada-b5d5-4613-9f34-b0c6946f6b52');
INSERT INTO item_ingredients (menu_id, item_id, type) VALUES ('c412f074-2f6a-45b7-b3b3-eef8b576efbf', '5ddababe-d19d-4ed8-9ecd-e4a35e3686db', 'Moída');
INSERT INTO item_ingredients (menu_id, item_id, type) VALUES ('f3b15dd1-20b5-44d9-87ff-f502b219de09', 'f754ec9c-2c36-4a04-9bc7-f0c8abc528ed', 'Bife');
INSERT INTO item_ingredients (menu_id, item_id, type) VALUES ('e837c853-5d4e-4e46-81a7-28186e5407e3', '5ddababe-d19d-4ed8-9ecd-e4a35e3686db', 'Moída');
INSERT INTO item_ingredients (menu_id, item_id) VALUES ('e837c853-5d4e-4e46-81a7-28186e5407e3', '44115609-e026-42fa-aaea-9f317d547c93');
INSERT INTO item_ingredients (menu_id, item_id) VALUES ('e837c853-5d4e-4e46-81a7-28186e5407e3', '2a9235bf-488a-4e25-8589-26b1574d0adf');
INSERT INTO item_ingredients (menu_id, item_id) VALUES ('e837c853-5d4e-4e46-81a7-28186e5407e3', '18ff1847-f077-4e8a-96cc-d329d31876e8');
INSERT INTO item_ingredients (menu_id, item_id, type) VALUES ('dc82e090-032b-4539-9408-7307ddaf1f52', 'ccdea091-017f-4b46-b046-72de5cbc9150', 'Cubos grandes');
INSERT INTO item_ingredients (menu_id, item_id) VALUES ('dc82e090-032b-4539-9408-7307ddaf1f52', 'afc16878-c32b-4fc8-b955-94444c348369');
INSERT INTO item_ingredients (menu_id, item_id) VALUES ('dc82e090-032b-4539-9408-7307ddaf1f52', '1eb4f81b-a514-4a0e-b26b-3082d49d8d30');
INSERT INTO item_ingredients (menu_id, item_id, type) VALUES ('6b69251e-3190-4560-8311-a02988b0d9ed', 'a98e7d07-29ee-49a7-afd0-5f3f00d94058', 'Cubos grandes');
INSERT INTO item_ingredients (menu_id, item_id) VALUES ('6b69251e-3190-4560-8311-a02988b0d9ed', '01617b41-ab53-43f2-a4eb-f82f4245e692');
INSERT INTO item_ingredients (menu_id, item_id) VALUES ('adbe9a3d-7e02-4c34-accd-a15d7743c18f', 'af24e1f1-6b72-48f9-96de-160f596ed658');
INSERT INTO item_ingredients (menu_id, item_id) VALUES ('adbe9a3d-7e02-4c34-accd-a15d7743c18f', '3c6e7ada-b5d5-4613-9f34-b0c6946f6b52');
INSERT INTO item_ingredients (menu_id, item_id) VALUES ('adbe9a3d-7e02-4c34-accd-a15d7743c18f', '1ee3f9c7-3467-46d5-86f5-2bab65e29568');
INSERT INTO item_ingredients (menu_id, item_id) VALUES ('adbe9a3d-7e02-4c34-accd-a15d7743c18f', '7afef5cf-2b87-4b8f-bdcd-f1701544e995');
INSERT INTO item_ingredients (menu_id, item_id, type) VALUES ('5c40a2c4-cd46-44c1-b6fa-6c94675815a0', '50f4da24-1010-4fe1-b041-924eccef389d', 'Pedaços');
INSERT INTO item_ingredients (menu_id, item_id) VALUES ('5c40a2c4-cd46-44c1-b6fa-6c94675815a0', '3c6e7ada-b5d5-4613-9f34-b0c6946f6b52');
INSERT INTO item_ingredients (menu_id, item_id) VALUES ('5c40a2c4-cd46-44c1-b6fa-6c94675815a0', '9626474a-f0d6-4b0f-9592-b579bd5fa6ee');
INSERT INTO item_ingredients (menu_id, item_id) VALUES ('5c40a2c4-cd46-44c1-b6fa-6c94675815a0', '445009cd-5a72-43f3-8137-0185948de15f');
INSERT INTO item_ingredients (menu_id, item_id, type) VALUES ('ec892391-903e-4ac0-a498-6ed68c3417d9', '5ddababe-d19d-4ed8-9ecd-e4a35e3686db', 'Moída');
INSERT INTO item_ingredients (menu_id, item_id) VALUES ('ec892391-903e-4ac0-a498-6ed68c3417d9', '1eb4f81b-a514-4a0e-b26b-3082d49d8d30');
INSERT INTO item_ingredients (menu_id, item_id, type) VALUES ('a384b3b4-1096-447a-9c7b-42c2b790a5aa', 'ccdea091-017f-4b46-b046-72de5cbc9150', 'Moída');
INSERT INTO item_ingredients (menu_id, item_id) VALUES ('a384b3b4-1096-447a-9c7b-42c2b790a5aa', '3c6e7ada-b5d5-4613-9f34-b0c6946f6b52');
INSERT INTO item_ingredients (menu_id, item_id) VALUES ('a384b3b4-1096-447a-9c7b-42c2b790a5aa', '1ee3f9c7-3467-46d5-86f5-2bab65e29568');
INSERT INTO item_ingredients (menu_id, item_id, type) VALUES ('20e8c9b8-5148-4047-a4d0-59dcc0557867', 'df236df4-802b-48ed-af54-5b28fed12aaf', 'Desfiado');
INSERT INTO item_ingredients (menu_id, item_id, type) VALUES ('aced313c-d1f6-433c-b6ab-02dfaac17b1b', 'd74dbad9-537e-4b0d-add8-cc68915c9fa9', 'Tiras');
INSERT INTO item_ingredients (menu_id, item_id) VALUES ('33a12081-a1fd-4fdf-9593-c0db5b9ef19c', '46b780f4-1765-451a-89ac-1d457bb6688b');
INSERT INTO item_ingredients (menu_id, item_id) VALUES ('656af48c-8368-4948-859a-08ffa7601297', '8427b753-b57d-4f79-a3db-bac101b28277');
INSERT INTO item_ingredients (menu_id, item_id, type) VALUES ('4d21ac26-2fb2-4e7b-aa92-36ac76d1c75c', '690d4a29-daef-4984-83f0-b7f1e0463a8a', 'Pedaços pequenos');
INSERT INTO item_ingredients (menu_id, item_id) VALUES ('4d21ac26-2fb2-4e7b-aa92-36ac76d1c75c', '0a1b9526-cbbf-498f-a32d-1fcdcf3c4dcf');
INSERT INTO item_ingredients (menu_id, item_id) VALUES ('4d21ac26-2fb2-4e7b-aa92-36ac76d1c75c', '9626474a-f0d6-4b0f-9592-b579bd5fa6ee');
INSERT INTO item_ingredients (menu_id, item_id) VALUES ('4d21ac26-2fb2-4e7b-aa92-36ac76d1c75c', '3c6e7ada-b5d5-4613-9f34-b0c6946f6b52');
INSERT INTO item_ingredients (menu_id, item_id) VALUES ('4d21ac26-2fb2-4e7b-aa92-36ac76d1c75c', 'afc16878-c32b-4fc8-b955-94444c348369');
INSERT INTO item_ingredients (menu_id, item_id) VALUES ('4d21ac26-2fb2-4e7b-aa92-36ac76d1c75c', '6d4c6bfc-c2ae-4407-acdd-9a4e04d0dc05');
INSERT INTO item_ingredients (menu_id, item_id) VALUES ('4d21ac26-2fb2-4e7b-aa92-36ac76d1c75c', 'fdc94fd8-1d90-4b23-98fa-adaf7736f232');
INSERT INTO item_ingredients (menu_id, item_id, type) VALUES ('e3ac4cff-0da1-4729-9721-2e2bb84278be', '910685e7-5995-4195-bd02-3c6be7da019f', 'Escalope');
INSERT INTO item_ingredients (menu_id, item_id) VALUES ('e3ac4cff-0da1-4729-9721-2e2bb84278be', '2a9235bf-488a-4e25-8589-26b1574d0adf');
INSERT INTO item_ingredients (menu_id, item_id, type) VALUES ('972a03eb-58b7-405f-a552-46f985d2f485', 'ccdea091-017f-4b46-b046-72de5cbc9150', 'Moída');
INSERT INTO item_ingredients (menu_id, item_id) VALUES ('972a03eb-58b7-405f-a552-46f985d2f485', 'd1f99d09-4fa4-4e30-a1ae-5e8696398a04');
INSERT INTO item_ingredients (menu_id, item_id) VALUES ('972a03eb-58b7-405f-a552-46f985d2f485', '1eb4f81b-a514-4a0e-b26b-3082d49d8d30');
INSERT INTO item_ingredients (menu_id, item_id) VALUES ('972a03eb-58b7-405f-a552-46f985d2f485', '18ff1847-f077-4e8a-96cc-d329d31876e8');
INSERT INTO item_ingredients (menu_id, item_id, type) VALUES ('5f4abded-509d-4ae2-8384-1bf92c27cf8b', 'ccdea091-017f-4b46-b046-72de5cbc9150', 'Cubos grandes');
INSERT INTO item_ingredients (menu_id, item_id) VALUES ('5f4abded-509d-4ae2-8384-1bf92c27cf8b', '1eb4f81b-a514-4a0e-b26b-3082d49d8d30');
INSERT INTO item_ingredients (menu_id, item_id) VALUES ('5f4abded-509d-4ae2-8384-1bf92c27cf8b', '3c6e7ada-b5d5-4613-9f34-b0c6946f6b52');
INSERT INTO item_ingredients (menu_id, item_id) VALUES ('5f4abded-509d-4ae2-8384-1bf92c27cf8b', '18ff1847-f077-4e8a-96cc-d329d31876e8');
INSERT INTO item_ingredients (menu_id, item_id, type) VALUES ('f6076572-e53d-4037-99fd-2554735ca9ff', 'd462a275-e77e-46b6-bce3-f22d6d450c8b', 'Filé');
INSERT INTO item_ingredients (menu_id, item_id) VALUES ('f6076572-e53d-4037-99fd-2554735ca9ff', '1eb4f81b-a514-4a0e-b26b-3082d49d8d30');
INSERT INTO item_ingredients (menu_id, item_id) VALUES ('f6076572-e53d-4037-99fd-2554735ca9ff', '3c6e7ada-b5d5-4613-9f34-b0c6946f6b52');
INSERT INTO item_ingredients (menu_id, item_id) VALUES ('f6076572-e53d-4037-99fd-2554735ca9ff', '1ee3f9c7-3467-46d5-86f5-2bab65e29568');
INSERT INTO item_ingredients (menu_id, item_id) VALUES ('f6076572-e53d-4037-99fd-2554735ca9ff', '18ff1847-f077-4e8a-96cc-d329d31876e8');
INSERT INTO item_ingredients (menu_id, item_id, type) VALUES ('3dfa297e-ff5b-4cb6-bf03-7ded8ae6d226', '5ddababe-d19d-4ed8-9ecd-e4a35e3686db', 'Cubos grandes');
INSERT INTO item_ingredients (menu_id, item_id) VALUES ('3dfa297e-ff5b-4cb6-bf03-7ded8ae6d226', 'c78e32a9-ef50-44e9-a182-468147bf5f89');
INSERT INTO item_ingredients (menu_id, item_id) VALUES ('3dfa297e-ff5b-4cb6-bf03-7ded8ae6d226', '3c6e7ada-b5d5-4613-9f34-b0c6946f6b52');
INSERT INTO item_ingredients (menu_id, item_id) VALUES ('3dfa297e-ff5b-4cb6-bf03-7ded8ae6d226', '18ff1847-f077-4e8a-96cc-d329d31876e8');
INSERT INTO item_ingredients (menu_id, item_id) VALUES ('3dfa297e-ff5b-4cb6-bf03-7ded8ae6d226', '44115609-e026-42fa-aaea-9f317d547c93');
INSERT INTO item_ingredients (menu_id, item_id, type) VALUES ('0419445e-a56d-4818-8f23-94a851d08b5c', '47b36cbc-3376-46c3-b818-5da14f96e397', 'Desfiado');
INSERT INTO item_ingredients (menu_id, item_id) VALUES ('0419445e-a56d-4818-8f23-94a851d08b5c', 'afc16878-c32b-4fc8-b955-94444c348369');
INSERT INTO item_ingredients (menu_id, item_id) VALUES ('0419445e-a56d-4818-8f23-94a851d08b5c', '01617b41-ab53-43f2-a4eb-f82f4245e692');
INSERT INTO item_ingredients (menu_id, item_id) VALUES ('0419445e-a56d-4818-8f23-94a851d08b5c', '6d09b687-b94c-4099-abae-bbe785917fd7');
INSERT INTO item_ingredients (menu_id, item_id) VALUES ('0419445e-a56d-4818-8f23-94a851d08b5c', '44115609-e026-42fa-aaea-9f317d547c93');
INSERT INTO item_ingredients (menu_id, item_id) VALUES ('0419445e-a56d-4818-8f23-94a851d08b5c', '18ff1847-f077-4e8a-96cc-d329d31876e8');
INSERT INTO item_ingredients (menu_id, item_id, type) VALUES ('901ee780-14b4-434c-a596-a2be30ab955a', '5ddababe-d19d-4ed8-9ecd-e4a35e3686db', 'Moída');
INSERT INTO item_ingredients (menu_id, item_id, type) VALUES ('d64edd96-dd8e-4f58-86a1-1d8efcc92656', 'df236df4-802b-48ed-af54-5b28fed12aaf', 'Cubos');
INSERT INTO item_ingredients (menu_id, item_id) VALUES ('d64edd96-dd8e-4f58-86a1-1d8efcc92656', '445009cd-5a72-43f3-8137-0185948de15f');
INSERT INTO item_ingredients (menu_id, item_id) VALUES ('d64edd96-dd8e-4f58-86a1-1d8efcc92656', '3c6e7ada-b5d5-4613-9f34-b0c6946f6b52');
INSERT INTO item_ingredients (menu_id, item_id, type) VALUES ('3b4c124e-d02f-478f-b378-cb307de640c3', 'df236df4-802b-48ed-af54-5b28fed12aaf', 'Cubos');
INSERT INTO item_ingredients (menu_id, item_id, type) VALUES ('cc3b62dc-069c-4cd3-a8ac-597ab1963757', '9379bfb7-bafc-413a-a38a-c9125f2dabec', 'Tirinhas');
INSERT INTO item_ingredients (menu_id, item_id) VALUES ('cc3b62dc-069c-4cd3-a8ac-597ab1963757', '64b6ff83-add3-4526-b851-d3985fb90f9a');
INSERT INTO item_ingredients (menu_id, item_id) VALUES ('cc3b62dc-069c-4cd3-a8ac-597ab1963757', 'c3aefb70-53fd-4d4a-973a-1f5a579bdcf9');
INSERT INTO item_ingredients (menu_id, item_id, type) VALUES ('f497b174-cf71-4018-8277-2d9a484a616d', '18e63db3-8fd3-4f9c-80cc-7fdeaee3a11d', 'Bife');
INSERT INTO item_ingredients (menu_id, item_id) VALUES ('f497b174-cf71-4018-8277-2d9a484a616d', '3c6e7ada-b5d5-4613-9f34-b0c6946f6b52');
INSERT INTO item_ingredients (menu_id, item_id, type) VALUES ('13c12f67-2dfa-4273-95bf-0e41d622683c', '47b36cbc-3376-46c3-b818-5da14f96e397', 'Filé');
INSERT INTO item_ingredients (menu_id, item_id) VALUES ('13c12f67-2dfa-4273-95bf-0e41d622683c', '3c6e7ada-b5d5-4613-9f34-b0c6946f6b52');
INSERT INTO item_ingredients (menu_id, item_id, type) VALUES ('ce7bb2a4-084f-4544-90eb-1f5261f6770e', '47b36cbc-3376-46c3-b818-5da14f96e397', 'Filé');
INSERT INTO item_ingredients (menu_id, item_id) VALUES ('ce7bb2a4-084f-4544-90eb-1f5261f6770e', '35f7f888-6ad4-4823-9dd8-0defca817c93');
INSERT INTO item_ingredients (menu_id, item_id) VALUES ('ce7bb2a4-084f-4544-90eb-1f5261f6770e', 'fde7b5e7-4a66-4854-bce1-2235981b411c');
INSERT INTO item_ingredients (menu_id, item_id) VALUES ('ce7bb2a4-084f-4544-90eb-1f5261f6770e', '3eba6cf0-95ff-4e56-9836-222e89a56abf');
INSERT INTO item_ingredients (menu_id, item_id, type) VALUES ('d172b3d9-cafd-43b7-96cf-948338b59c6d', '47b36cbc-3376-46c3-b818-5da14f96e397', 'Tirinhas');
INSERT INTO item_ingredients (menu_id, item_id) VALUES ('d172b3d9-cafd-43b7-96cf-948338b59c6d', '3c6e7ada-b5d5-4613-9f34-b0c6946f6b52');
INSERT INTO item_ingredients (menu_id, item_id, type) VALUES ('5849063a-0700-417d-b1af-8787b3a08c41', '47b36cbc-3376-46c3-b818-5da14f96e397', 'Filé');
INSERT INTO item_ingredients (menu_id, item_id) VALUES ('64bbcff2-c8f2-48de-8b94-d93190ea9f04', '30d419e4-e627-4039-bd52-a1fec3eff4d6');
INSERT INTO item_ingredients (menu_id, item_id) VALUES ('d9b1ef39-a524-4f70-bf7b-d0aa681881db', '40a94035-46e3-497b-893a-18996a6946a2');
INSERT INTO item_ingredients (menu_id, item_id, type) VALUES ('cbd3e80e-8b55-4436-a9af-3b2a78f04ee4', '974dd458-1224-45ad-95c9-2937d157f5f9', 'Peça');
INSERT INTO item_ingredients (menu_id, item_id, type) VALUES ('f15ee360-4f79-4aa3-99a7-e114ee83a03e', '47b36cbc-3376-46c3-b818-5da14f96e397', 'Desfiado');
INSERT INTO item_ingredients (menu_id, item_id) VALUES ('f15ee360-4f79-4aa3-99a7-e114ee83a03e', '3c6e7ada-b5d5-4613-9f34-b0c6946f6b52');
INSERT INTO item_ingredients (menu_id, item_id) VALUES ('f15ee360-4f79-4aa3-99a7-e114ee83a03e', '8d5598a0-869e-426b-b843-42950db4cae7');
INSERT INTO item_ingredients (menu_id, item_id) VALUES ('f15ee360-4f79-4aa3-99a7-e114ee83a03e', '17c13193-86af-493a-8789-5e3465cb3f7f');
INSERT INTO item_ingredients (menu_id, item_id) VALUES ('afbabacb-f74f-43ce-b7a9-5f83cc30177c', '47b36cbc-3376-46c3-b818-5da14f96e397');
INSERT INTO item_ingredients (menu_id, item_id) VALUES ('afbabacb-f74f-43ce-b7a9-5f83cc30177c', '3c6e7ada-b5d5-4613-9f34-b0c6946f6b52');
INSERT INTO item_ingredients (menu_id, item_id) VALUES ('afbabacb-f74f-43ce-b7a9-5f83cc30177c', '5e8a9eec-b60f-460f-9a24-c3950df3dc37');
INSERT INTO item_ingredients (menu_id, item_id) VALUES ('afbabacb-f74f-43ce-b7a9-5f83cc30177c', '27dd8359-c265-4547-a49b-f9f771599298');
INSERT INTO item_ingredients (menu_id, item_id) VALUES ('afbabacb-f74f-43ce-b7a9-5f83cc30177c', 'c3aefb70-53fd-4d4a-973a-1f5a579bdcf9');
INSERT INTO item_ingredients (menu_id, item_id, type) VALUES ('f0ffa6e4-5c85-44c7-a27a-654e7323d5e7', '47b36cbc-3376-46c3-b818-5da14f96e397', 'Cubos');
INSERT INTO item_ingredients (menu_id, item_id) VALUES ('f0ffa6e4-5c85-44c7-a27a-654e7323d5e7', '3c6e7ada-b5d5-4613-9f34-b0c6946f6b52');
INSERT INTO item_ingredients (menu_id, item_id) VALUES ('f0ffa6e4-5c85-44c7-a27a-654e7323d5e7', '9626474a-f0d6-4b0f-9592-b579bd5fa6ee');
INSERT INTO item_ingredients (menu_id, item_id) VALUES ('49cfdcfe-e04a-404c-9701-18763e7f724c', '8427b753-b57d-4f79-a3db-bac101b28277');
INSERT INTO item_ingredients (menu_id, item_id) VALUES ('49cfdcfe-e04a-404c-9701-18763e7f724c', '3c6e7ada-b5d5-4613-9f34-b0c6946f6b52');
INSERT INTO item_ingredients (menu_id, item_id) VALUES ('49cfdcfe-e04a-404c-9701-18763e7f724c', '9626474a-f0d6-4b0f-9592-b579bd5fa6ee');
INSERT INTO item_ingredients (menu_id, item_id) VALUES ('49cfdcfe-e04a-404c-9701-18763e7f724c', '1eb4f81b-a514-4a0e-b26b-3082d49d8d30');
INSERT INTO item_ingredients (menu_id, item_id) VALUES ('49cfdcfe-e04a-404c-9701-18763e7f724c', 'afc16878-c32b-4fc8-b955-94444c348369');
INSERT INTO item_ingredients (menu_id, item_id) VALUES ('de01c12d-394e-4d9c-8b87-20a35329317a', '8427b753-b57d-4f79-a3db-bac101b28277');
INSERT INTO item_ingredients (menu_id, item_id) VALUES ('de01c12d-394e-4d9c-8b87-20a35329317a', '3c6e7ada-b5d5-4613-9f34-b0c6946f6b52');
INSERT INTO item_ingredients (menu_id, item_id) VALUES ('de01c12d-394e-4d9c-8b87-20a35329317a', '289e48b1-2069-4e40-bceb-68697cd5a46a');
INSERT INTO item_ingredients (menu_id, item_id, type) VALUES ('0283b269-7c4e-4a9a-8fa7-60283150f4e0', '47b36cbc-3376-46c3-b818-5da14f96e397', 'Desfiado');
INSERT INTO item_ingredients (menu_id, item_id) VALUES ('0283b269-7c4e-4a9a-8fa7-60283150f4e0', '3c6e7ada-b5d5-4613-9f34-b0c6946f6b52');
INSERT INTO item_ingredients (menu_id, item_id) VALUES ('0283b269-7c4e-4a9a-8fa7-60283150f4e0', '17c13193-86af-493a-8789-5e3465cb3f7f');
INSERT INTO item_ingredients (menu_id, item_id) VALUES ('3b83f5bb-8691-4315-bea6-0db4208c88cd', 'c38b8684-b83c-4a50-82cd-fa54d43da899');
INSERT INTO item_ingredients (menu_id, item_id) VALUES ('3b83f5bb-8691-4315-bea6-0db4208c88cd', '3c6e7ada-b5d5-4613-9f34-b0c6946f6b52');
INSERT INTO item_ingredients (menu_id, item_id) VALUES ('3b83f5bb-8691-4315-bea6-0db4208c88cd', 'afc16878-c32b-4fc8-b955-94444c348369');
INSERT INTO item_ingredients (menu_id, item_id) VALUES ('3b83f5bb-8691-4315-bea6-0db4208c88cd', '0a1b9526-cbbf-498f-a32d-1fcdcf3c4dcf');
INSERT INTO item_ingredients (menu_id, item_id) VALUES ('3b83f5bb-8691-4315-bea6-0db4208c88cd', '6d09b687-b94c-4099-abae-bbe785917fd7');
INSERT INTO item_ingredients (menu_id, item_id, type) VALUES ('7a53ef74-be02-4bb3-a701-51e7c10133ad', '5ddababe-d19d-4ed8-9ecd-e4a35e3686db', 'Moída');
INSERT INTO item_ingredients (menu_id, item_id) VALUES ('7a53ef74-be02-4bb3-a701-51e7c10133ad', '3c6e7ada-b5d5-4613-9f34-b0c6946f6b52');
INSERT INTO item_ingredients (menu_id, item_id) VALUES ('7a53ef74-be02-4bb3-a701-51e7c10133ad', '6d4c6bfc-c2ae-4407-acdd-9a4e04d0dc05');
INSERT INTO item_ingredients (menu_id, item_id, type) VALUES ('3afad3ff-43a8-41aa-84c4-c5d8eb28662b', '9379bfb7-bafc-413a-a38a-c9125f2dabec', 'Tirinhas');
INSERT INTO item_ingredients (menu_id, item_id) VALUES ('3afad3ff-43a8-41aa-84c4-c5d8eb28662b', '3c6e7ada-b5d5-4613-9f34-b0c6946f6b52');
INSERT INTO item_ingredients (menu_id, item_id, type) VALUES ('589a24b3-daac-4fbc-902b-e0bcf2d6e763', '8cf3b3ed-e52a-42f0-99e8-414cea3ea0b6', 'Peça');
INSERT INTO item_ingredients (menu_id, item_id) VALUES ('589a24b3-daac-4fbc-902b-e0bcf2d6e763', '3c6e7ada-b5d5-4613-9f34-b0c6946f6b52');
INSERT INTO item_ingredients (menu_id, item_id) VALUES ('589a24b3-daac-4fbc-902b-e0bcf2d6e763', '9626474a-f0d6-4b0f-9592-b579bd5fa6ee');
INSERT INTO item_ingredients (menu_id, item_id, type) VALUES ('7fdb1c6c-cfe8-4b24-894b-97e1b00992e6', '5ddababe-d19d-4ed8-9ecd-e4a35e3686db', 'Moída');
INSERT INTO item_ingredients (menu_id, item_id) VALUES ('7fdb1c6c-cfe8-4b24-894b-97e1b00992e6', '3c6e7ada-b5d5-4613-9f34-b0c6946f6b52');
INSERT INTO item_ingredients (menu_id, item_id) VALUES ('7fdb1c6c-cfe8-4b24-894b-97e1b00992e6', '0a1b9526-cbbf-498f-a32d-1fcdcf3c4dcf');
INSERT INTO item_ingredients (menu_id, item_id) VALUES ('7fdb1c6c-cfe8-4b24-894b-97e1b00992e6', '18ff1847-f077-4e8a-96cc-d329d31876e8');
INSERT INTO item_ingredients (menu_id, item_id) VALUES ('7fdb1c6c-cfe8-4b24-894b-97e1b00992e6', '44115609-e026-42fa-aaea-9f317d547c93');
INSERT INTO item_ingredients (menu_id, item_id) VALUES ('7fdb1c6c-cfe8-4b24-894b-97e1b00992e6', 'b09c6b03-90ef-4586-9205-ea285e402624');
INSERT INTO item_ingredients (menu_id, item_id, type) VALUES ('f5dfdc0f-9736-46a9-ab0f-4d63211f28fc', '47b36cbc-3376-46c3-b818-5da14f96e397', 'Desfiado');
INSERT INTO item_ingredients (menu_id, item_id) VALUES ('f5dfdc0f-9736-46a9-ab0f-4d63211f28fc', '3c6e7ada-b5d5-4613-9f34-b0c6946f6b52');
INSERT INTO item_ingredients (menu_id, item_id) VALUES ('f5dfdc0f-9736-46a9-ab0f-4d63211f28fc', '3050f7f6-44ed-433a-81d0-168df40c39af');
INSERT INTO item_ingredients (menu_id, item_id) VALUES ('f5dfdc0f-9736-46a9-ab0f-4d63211f28fc', '9626474a-f0d6-4b0f-9592-b579bd5fa6ee');
INSERT INTO item_ingredients (menu_id, item_id) VALUES ('f5dfdc0f-9736-46a9-ab0f-4d63211f28fc', '44115609-e026-42fa-aaea-9f317d547c93');
INSERT INTO item_ingredients (menu_id, item_id) VALUES ('f5dfdc0f-9736-46a9-ab0f-4d63211f28fc', '17c13193-86af-493a-8789-5e3465cb3f7f');
INSERT INTO item_ingredients (menu_id, item_id) VALUES ('2abc6c2c-4933-42d8-b9bd-07dd667d92bf', 'fc1a4e48-0109-4136-a3b8-477b04a02d32');
INSERT INTO item_ingredients (menu_id, item_id) VALUES ('2abc6c2c-4933-42d8-b9bd-07dd667d92bf', '44115609-e026-42fa-aaea-9f317d547c93');
INSERT INTO item_ingredients (menu_id, item_id) VALUES ('2abc6c2c-4933-42d8-b9bd-07dd667d92bf', '8d5598a0-869e-426b-b843-42950db4cae7');
INSERT INTO item_ingredients (menu_id, item_id, type) VALUES ('a7185ca9-6b11-450a-903e-8d05b0052efb', '1cb94675-9655-40bb-8544-73b36fea0cdd', 'Peça');
INSERT INTO item_ingredients (menu_id, item_id) VALUES ('d8f3a890-f5e8-4a34-843b-d82a5fced305', '8a11369f-89db-4ecd-8a27-8d4253539f0d');
INSERT INTO item_ingredients (menu_id, item_id, type) VALUES ('79dcd6fb-8341-4299-8a2e-210e8da3c7be', '50f4da24-1010-4fe1-b041-924eccef389d', 'Peça');
INSERT INTO item_ingredients (menu_id, item_id) VALUES ('79dcd6fb-8341-4299-8a2e-210e8da3c7be', '7cee5cc9-24cd-4e46-a63a-924b36e46b85');
INSERT INTO item_ingredients (menu_id, item_id) VALUES ('1df8a0c9-4048-4d14-8564-b11f41b45a31', 'b5b90f6f-d201-4631-985f-7acc4a1b1fc3');
INSERT INTO item_ingredients (menu_id, item_id) VALUES ('1df8a0c9-4048-4d14-8564-b11f41b45a31', '8d5598a0-869e-426b-b843-42950db4cae7');
INSERT INTO item_ingredients (menu_id, item_id) VALUES ('7a5257e1-9b23-4fdc-851c-7b57621f7d85', 'afc16878-c32b-4fc8-b955-94444c348369');
INSERT INTO item_ingredients (menu_id, item_id) VALUES ('7a5257e1-9b23-4fdc-851c-7b57621f7d85', '6d09b687-b94c-4099-abae-bbe785917fd7');
INSERT INTO item_ingredients (menu_id, item_id) VALUES ('773d6976-70e3-4b78-8e4b-d93d7b13f56c', '3c6e7ada-b5d5-4613-9f34-b0c6946f6b52');
INSERT INTO item_ingredients (menu_id, item_id) VALUES ('773d6976-70e3-4b78-8e4b-d93d7b13f56c', '0a1b9526-cbbf-498f-a32d-1fcdcf3c4dcf');
INSERT INTO item_ingredients (menu_id, item_id) VALUES ('773d6976-70e3-4b78-8e4b-d93d7b13f56c', 'f6bd14f0-b507-4b7c-a766-1a190b586578');
INSERT INTO item_ingredients (menu_id, item_id) VALUES ('773d6976-70e3-4b78-8e4b-d93d7b13f56c', 'dfcd4f72-e202-47bc-9550-d787504403e3');
INSERT INTO item_ingredients (menu_id, item_id, type) VALUES ('1c15b9cc-3f6b-496b-8a3e-b9a842660bcc', '910685e7-5995-4195-bd02-3c6be7da019f', 'Tirinhas');
INSERT INTO item_ingredients (menu_id, item_id) VALUES ('1c15b9cc-3f6b-496b-8a3e-b9a842660bcc', 'afc16878-c32b-4fc8-b955-94444c348369');
INSERT INTO item_ingredients (menu_id, item_id) VALUES ('1c15b9cc-3f6b-496b-8a3e-b9a842660bcc', '00d265c2-83af-499c-ab1b-8045c62d7f9d');
INSERT INTO item_ingredients (menu_id, item_id) VALUES ('1c15b9cc-3f6b-496b-8a3e-b9a842660bcc', '3c6e7ada-b5d5-4613-9f34-b0c6946f6b52');
INSERT INTO item_ingredients (menu_id, item_id) VALUES ('1c15b9cc-3f6b-496b-8a3e-b9a842660bcc', '7afef5cf-2b87-4b8f-bdcd-f1701544e995');
INSERT INTO item_ingredients (menu_id, item_id) VALUES ('1c15b9cc-3f6b-496b-8a3e-b9a842660bcc', '1ee3f9c7-3467-46d5-86f5-2bab65e29568');
INSERT INTO item_ingredients (menu_id, item_id) VALUES ('1c15b9cc-3f6b-496b-8a3e-b9a842660bcc', '18ff1847-f077-4e8a-96cc-d329d31876e8');
INSERT INTO item_ingredients (menu_id, item_id) VALUES ('93f0aa9a-4ea4-4f7f-8fc2-87e9ce81bd14', '47b36cbc-3376-46c3-b818-5da14f96e397');
INSERT INTO item_ingredients (menu_id, item_id) VALUES ('068cc71f-acfd-4cb7-b3ac-1e5c4ced5027', 'f6bd14f0-b507-4b7c-a766-1a190b586578');
INSERT INTO item_ingredients (menu_id, item_id) VALUES ('068cc71f-acfd-4cb7-b3ac-1e5c4ced5027', '0a1b9526-cbbf-498f-a32d-1fcdcf3c4dcf');
INSERT INTO item_ingredients (menu_id, item_id) VALUES ('068cc71f-acfd-4cb7-b3ac-1e5c4ced5027', '9626474a-f0d6-4b0f-9592-b579bd5fa6ee');
INSERT INTO item_ingredients (menu_id, item_id) VALUES ('068cc71f-acfd-4cb7-b3ac-1e5c4ced5027', 'b5b90f6f-d201-4631-985f-7acc4a1b1fc3');
INSERT INTO item_ingredients (menu_id, item_id) VALUES ('068cc71f-acfd-4cb7-b3ac-1e5c4ced5027', '6d09b687-b94c-4099-abae-bbe785917fd7');
INSERT INTO item_ingredients (menu_id, item_id, type) VALUES ('ebd315ed-5ab8-461c-bd02-572d7c002556', 'bab51a61-ef99-4c43-bee5-f570ef6d4045', 'Bife');
INSERT INTO item_ingredients (menu_id, item_id, type) VALUES ('594ae01c-e3c5-4e2d-8552-0e97f44647bf', '910685e7-5995-4195-bd02-3c6be7da019f', 'Bife');
INSERT INTO item_ingredients (menu_id, item_id) VALUES ('594ae01c-e3c5-4e2d-8552-0e97f44647bf', '44115609-e026-42fa-aaea-9f317d547c93');
INSERT INTO item_ingredients (menu_id, item_id) VALUES ('594ae01c-e3c5-4e2d-8552-0e97f44647bf', '8d5598a0-869e-426b-b843-42950db4cae7');
INSERT INTO item_ingredients (menu_id, item_id, type) VALUES ('d064ed56-ab03-4d66-a091-822f5bd4b5d0', '5ddababe-d19d-4ed8-9ecd-e4a35e3686db', 'Moída');
INSERT INTO item_ingredients (menu_id, item_id) VALUES ('d064ed56-ab03-4d66-a091-822f5bd4b5d0', '44115609-e026-42fa-aaea-9f317d547c93');
INSERT INTO item_ingredients (menu_id, item_id, type) VALUES ('b30d6897-0546-4e29-8630-65e345b5f549', '47b36cbc-3376-46c3-b818-5da14f96e397', 'Bife');
INSERT INTO item_ingredients (menu_id, item_id) VALUES ('b30d6897-0546-4e29-8630-65e345b5f549', '44115609-e026-42fa-aaea-9f317d547c93');
INSERT INTO item_ingredients (menu_id, item_id, type) VALUES ('d3912a79-968d-44de-8117-31c3a28829cd', '8f1c7ee4-465f-48eb-9648-549b535c484c', 'Postas');
INSERT INTO item_ingredients (menu_id, item_id) VALUES ('d3912a79-968d-44de-8117-31c3a28829cd', '3c6e7ada-b5d5-4613-9f34-b0c6946f6b52');
INSERT INTO item_ingredients (menu_id, item_id) VALUES ('d3912a79-968d-44de-8117-31c3a28829cd', '9626474a-f0d6-4b0f-9592-b579bd5fa6ee');
INSERT INTO item_ingredients (menu_id, item_id) VALUES ('d3912a79-968d-44de-8117-31c3a28829cd', 'f6bd14f0-b507-4b7c-a766-1a190b586578');
INSERT INTO item_ingredients (menu_id, item_id) VALUES ('d3912a79-968d-44de-8117-31c3a28829cd', 'fde7b5e7-4a66-4854-bce1-2235981b411c');
INSERT INTO item_ingredients (menu_id, item_id) VALUES ('d3912a79-968d-44de-8117-31c3a28829cd', '27dd8359-c265-4547-a49b-f9f771599298');
INSERT INTO item_ingredients (menu_id, item_id, type) VALUES ('d5881f26-1eff-4360-95a0-2361a5799476', '30d419e4-e627-4039-bd52-a1fec3eff4d6', 'Filé');
INSERT INTO item_ingredients (menu_id, item_id) VALUES ('d5881f26-1eff-4360-95a0-2361a5799476', 'fde7b5e7-4a66-4854-bce1-2235981b411c');
INSERT INTO item_ingredients (menu_id, item_id, type) VALUES ('b4650937-696f-424c-b1a4-60e1e1b25126', '30d419e4-e627-4039-bd52-a1fec3eff4d6', 'Filé');
INSERT INTO item_ingredients (menu_id, item_id) VALUES ('b4650937-696f-424c-b1a4-60e1e1b25126', 'fde7b5e7-4a66-4854-bce1-2235981b411c');
INSERT INTO item_ingredients (menu_id, item_id) VALUES ('b4650937-696f-424c-b1a4-60e1e1b25126', '1eb4f81b-a514-4a0e-b26b-3082d49d8d30');
INSERT INTO item_ingredients (menu_id, item_id, type) VALUES ('7c95f35c-a925-454d-81b3-b91118dbbf8d', '95de6c92-8547-46ba-8072-8fe0a8422532', 'Postas');
INSERT INTO item_ingredients (menu_id, item_id) VALUES ('7c95f35c-a925-454d-81b3-b91118dbbf8d', '0a1b9526-cbbf-498f-a32d-1fcdcf3c4dcf');
INSERT INTO item_ingredients (menu_id, item_id) VALUES ('7c95f35c-a925-454d-81b3-b91118dbbf8d', '3c6e7ada-b5d5-4613-9f34-b0c6946f6b52');
INSERT INTO item_ingredients (menu_id, item_id) VALUES ('7c95f35c-a925-454d-81b3-b91118dbbf8d', '7afef5cf-2b87-4b8f-bdcd-f1701544e995');
INSERT INTO item_ingredients (menu_id, item_id) VALUES ('7c95f35c-a925-454d-81b3-b91118dbbf8d', '9626474a-f0d6-4b0f-9592-b579bd5fa6ee');
INSERT INTO item_ingredients (menu_id, item_id) VALUES ('58863ceb-999f-4aa0-9f91-1536d63cc173', '18ff1847-f077-4e8a-96cc-d329d31876e8');
INSERT INTO item_ingredients (menu_id, item_id) VALUES ('58863ceb-999f-4aa0-9f91-1536d63cc173', 'dfcd4f72-e202-47bc-9550-d787504403e3');
INSERT INTO item_ingredients (menu_id, item_id, type) VALUES ('2c15cc9a-1469-43af-b461-1d952385a19f', 'df236df4-802b-48ed-af54-5b28fed12aaf', 'Desfiado');
INSERT INTO item_ingredients (menu_id, item_id) VALUES ('2c15cc9a-1469-43af-b461-1d952385a19f', '3c6e7ada-b5d5-4613-9f34-b0c6946f6b52');
INSERT INTO item_ingredients (menu_id, item_id) VALUES ('2c15cc9a-1469-43af-b461-1d952385a19f', '9626474a-f0d6-4b0f-9592-b579bd5fa6ee');
INSERT INTO item_ingredients (menu_id, item_id) VALUES ('2c15cc9a-1469-43af-b461-1d952385a19f', '17c13193-86af-493a-8789-5e3465cb3f7f');
INSERT INTO item_ingredients (menu_id, item_id) VALUES ('2c15cc9a-1469-43af-b461-1d952385a19f', '44115609-e026-42fa-aaea-9f317d547c93');
INSERT INTO item_ingredients (menu_id, item_id, type) VALUES ('ae95a784-f130-42ef-a70a-6cb99e1453c9', '5ddababe-d19d-4ed8-9ecd-e4a35e3686db', 'Moída');
INSERT INTO item_ingredients (menu_id, item_id) VALUES ('ae95a784-f130-42ef-a70a-6cb99e1453c9', '3c6e7ada-b5d5-4613-9f34-b0c6946f6b52');
INSERT INTO item_ingredients (menu_id, item_id) VALUES ('ae95a784-f130-42ef-a70a-6cb99e1453c9', '0a1b9526-cbbf-498f-a32d-1fcdcf3c4dcf');
INSERT INTO item_ingredients (menu_id, item_id) VALUES ('ae95a784-f130-42ef-a70a-6cb99e1453c9', 'f6bd14f0-b507-4b7c-a766-1a190b586578');
INSERT INTO item_ingredients (menu_id, item_id, type) VALUES ('e076f94d-c298-4780-8d60-92fa2f152c45', '5ecb384d-70f1-49cd-8077-cc3b9e034056', 'Peça');
INSERT INTO item_ingredients (menu_id, item_id, type) VALUES ('759920f3-bc21-44ba-ba0e-22dbd61abe1c', '910685e7-5995-4195-bd02-3c6be7da019f', 'Cubinhos');
INSERT INTO item_ingredients (menu_id, item_id) VALUES ('759920f3-bc21-44ba-ba0e-22dbd61abe1c', '3eba6cf0-95ff-4e56-9836-222e89a56abf');
INSERT INTO item_ingredients (menu_id, item_id) VALUES ('759920f3-bc21-44ba-ba0e-22dbd61abe1c', '3c6e7ada-b5d5-4613-9f34-b0c6946f6b52');
INSERT INTO item_ingredients (menu_id, item_id) VALUES ('759920f3-bc21-44ba-ba0e-22dbd61abe1c', '18ff1847-f077-4e8a-96cc-d329d31876e8');
INSERT INTO item_ingredients (menu_id, item_id, type) VALUES ('97982f94-f09b-436b-bb39-4339ca5ae904', 'fe2c50c2-337a-4535-87bd-e75cb4e853f2', 'Peça');
INSERT INTO item_ingredients (menu_id, item_id, type) VALUES ('e74a0162-a090-492b-a48b-53e47ddf810c', '5ddababe-d19d-4ed8-9ecd-e4a35e3686db', 'Moída');
INSERT INTO item_ingredients (menu_id, item_id) VALUES ('e74a0162-a090-492b-a48b-53e47ddf810c', '3c6e7ada-b5d5-4613-9f34-b0c6946f6b52');
INSERT INTO item_ingredients (menu_id, item_id) VALUES ('e74a0162-a090-492b-a48b-53e47ddf810c', '54db01b6-a1da-4d92-b6ef-7c063fb1ee18');
INSERT INTO item_ingredients (menu_id, item_id) VALUES ('e74a0162-a090-492b-a48b-53e47ddf810c', '17c13193-86af-493a-8789-5e3465cb3f7f');
INSERT INTO item_ingredients (menu_id, item_id, type) VALUES ('98722ec7-af67-4fda-b4e6-b9fe36397047', '5318c071-74dc-4a86-ac79-fc8e1e0b13d5', 'Pedaços pequenos');
INSERT INTO item_ingredients (menu_id, item_id) VALUES ('98722ec7-af67-4fda-b4e6-b9fe36397047', '3c6e7ada-b5d5-4613-9f34-b0c6946f6b52');
INSERT INTO item_ingredients (menu_id, item_id) VALUES ('98722ec7-af67-4fda-b4e6-b9fe36397047', 'b683a759-0af2-4149-9eb5-1935906c0a6f');
INSERT INTO item_ingredients (menu_id, item_id) VALUES ('98722ec7-af67-4fda-b4e6-b9fe36397047', 'f6bd14f0-b507-4b7c-a766-1a190b586578');
INSERT INTO item_ingredients (menu_id, item_id) VALUES ('98722ec7-af67-4fda-b4e6-b9fe36397047', '0a1b9526-cbbf-498f-a32d-1fcdcf3c4dcf');
INSERT INTO item_ingredients (menu_id, item_id) VALUES ('827878be-e8c0-471e-a428-4d1052ef16e4', '17c13193-86af-493a-8789-5e3465cb3f7f');
INSERT INTO item_ingredients (menu_id, item_id) VALUES ('827878be-e8c0-471e-a428-4d1052ef16e4', 'b09c6b03-90ef-4586-9205-ea285e402624');
INSERT INTO item_ingredients (menu_id, item_id) VALUES ('827878be-e8c0-471e-a428-4d1052ef16e4', '44115609-e026-42fa-aaea-9f317d547c93');
INSERT INTO item_ingredients (menu_id, item_id) VALUES ('827878be-e8c0-471e-a428-4d1052ef16e4', 'b660679d-6d15-47c8-9c50-43ef26b83c71');
INSERT INTO item_ingredients (menu_id, item_id, type) VALUES ('804354f2-9b04-4109-a743-856fd1e32419', 'd462a275-e77e-46b6-bce3-f22d6d450c8b', 'Filé');
INSERT INTO item_ingredients (menu_id, item_id) VALUES ('891d6b1f-63b6-4813-a20d-21d4c4f700be', '71a5b954-0b4c-4ea1-858a-f3a32ce8afc9');
INSERT INTO item_ingredients (menu_id, item_id, type) VALUES ('8cd827d9-201b-45e4-b9c4-1741f530e1b2', '30d419e4-e627-4039-bd52-a1fec3eff4d6', 'Filé');
INSERT INTO item_ingredients (menu_id, item_id) VALUES ('8cd827d9-201b-45e4-b9c4-1741f530e1b2', '08155da5-5414-4619-a43b-04eb1bf1f91c');
INSERT INTO item_ingredients (menu_id, item_id, type) VALUES ('9f30aa98-e953-45db-a26f-f488c9051b8a', '30d419e4-e627-4039-bd52-a1fec3eff4d6', 'Filé');
INSERT INTO item_ingredients (menu_id, item_id, type) VALUES ('ad0e15ca-b2f1-4ece-9711-51073c727937', '50f4da24-1010-4fe1-b041-924eccef389d', 'Tirinhas');
INSERT INTO item_ingredients (menu_id, item_id) VALUES ('ad0e15ca-b2f1-4ece-9711-51073c727937', '3c6e7ada-b5d5-4613-9f34-b0c6946f6b52');
INSERT INTO item_ingredients (menu_id, item_id, type) VALUES ('633cf4de-ba2f-4107-b7eb-4187e16f88be', '47b36cbc-3376-46c3-b818-5da14f96e397', 'Tiras');
INSERT INTO item_ingredients (menu_id, item_id) VALUES ('633cf4de-ba2f-4107-b7eb-4187e16f88be', '3c6e7ada-b5d5-4613-9f34-b0c6946f6b52');
INSERT INTO item_ingredients (menu_id, item_id, type) VALUES ('f9c8d88d-47b7-41b2-bbbb-dbc4bb821732', 'be6e8376-7a52-432b-af3b-85a3c25e0cb0', 'Tirinhas');
INSERT INTO item_ingredients (menu_id, item_id, type) VALUES ('525c68ae-5874-49ac-a038-36fb91dba504', '30d419e4-e627-4039-bd52-a1fec3eff4d6', 'Tirinhas');
INSERT INTO item_ingredients (menu_id, item_id, type) VALUES ('70a73da4-c3da-471b-bfa3-ab49b22ac20a', '47b36cbc-3376-46c3-b818-5da14f96e397', 'Tirinhas');
INSERT INTO item_ingredients (menu_id, item_id) VALUES ('123d574d-9c1a-4d55-a0c5-2947efe09435', 'a0e70e14-558b-453d-b8f1-a8fb6a77e6fb');
INSERT INTO item_ingredients (menu_id, item_id) VALUES ('25de6643-28e0-4bcf-8287-b656f037acb8', '723b4248-b197-4185-8c00-db73f85ebf90');
INSERT INTO item_ingredients (menu_id, item_id) VALUES ('25de6643-28e0-4bcf-8287-b656f037acb8', 'fde7b5e7-4a66-4854-bce1-2235981b411c');
INSERT INTO item_ingredients (menu_id, item_id) VALUES ('25de6643-28e0-4bcf-8287-b656f037acb8', 'b550e9bc-568f-489b-b5a5-31e8c4064fe2');
INSERT INTO item_ingredients (menu_id, item_id) VALUES ('25de6643-28e0-4bcf-8287-b656f037acb8', '3c6e7ada-b5d5-4613-9f34-b0c6946f6b52');
INSERT INTO item_ingredients (menu_id, item_id) VALUES ('25de6643-28e0-4bcf-8287-b656f037acb8', '01617b41-ab53-43f2-a4eb-f82f4245e692');
INSERT INTO item_ingredients (menu_id, item_id) VALUES ('6a9a4ee9-e39a-4ae0-b894-ce2d0ce6e285', '723b4248-b197-4185-8c00-db73f85ebf90');
INSERT INTO item_ingredients (menu_id, item_id) VALUES ('6a9a4ee9-e39a-4ae0-b894-ce2d0ce6e285', 'b550e9bc-568f-489b-b5a5-31e8c4064fe2');
INSERT INTO item_ingredients (menu_id, item_id) VALUES ('6a9a4ee9-e39a-4ae0-b894-ce2d0ce6e285', '18ff1847-f077-4e8a-96cc-d329d31876e8');
INSERT INTO item_ingredients (menu_id, item_id, type) VALUES ('45e8e68a-ff0c-46bc-8929-310d708b1f0b', '5ddababe-d19d-4ed8-9ecd-e4a35e3686db', 'Moída');
INSERT INTO item_ingredients (menu_id, item_id) VALUES ('45e8e68a-ff0c-46bc-8929-310d708b1f0b', '84f99194-91d3-4153-8a2d-2f884c3e7ebe');
INSERT INTO item_ingredients (menu_id, item_id) VALUES ('45e8e68a-ff0c-46bc-8929-310d708b1f0b', '3c6e7ada-b5d5-4613-9f34-b0c6946f6b52');
INSERT INTO item_ingredients (menu_id, item_id) VALUES ('45e8e68a-ff0c-46bc-8929-310d708b1f0b', '3eba6cf0-95ff-4e56-9836-222e89a56abf');
INSERT INTO item_ingredients (menu_id, item_id) VALUES ('16e0aa92-a3ee-49ab-8f84-f110d601189f', '7574484d-49b7-401d-b8a0-5d796ee47ec6');
INSERT INTO item_ingredients (menu_id, item_id) VALUES ('16e0aa92-a3ee-49ab-8f84-f110d601189f', 'fdc94fd8-1d90-4b23-98fa-adaf7736f232');
INSERT INTO item_ingredients (menu_id, item_id) VALUES ('c3377eba-1289-4fc7-864b-ea729764d735', '3c6e7ada-b5d5-4613-9f34-b0c6946f6b52');
INSERT INTO item_ingredients (menu_id, item_id) VALUES ('c3377eba-1289-4fc7-864b-ea729764d735', 'b550e9bc-568f-489b-b5a5-31e8c4064fe2');
INSERT INTO item_ingredients (menu_id, item_id) VALUES ('c3377eba-1289-4fc7-864b-ea729764d735', '5f3ec304-1f95-40dc-9d4c-39273fcc1052');
INSERT INTO item_ingredients (menu_id, item_id) VALUES ('c3377eba-1289-4fc7-864b-ea729764d735', '18ff1847-f077-4e8a-96cc-d329d31876e8');
INSERT INTO item_ingredients (menu_id, item_id) VALUES ('c3377eba-1289-4fc7-864b-ea729764d735', 'fdc94fd8-1d90-4b23-98fa-adaf7736f232');
INSERT INTO item_ingredients (menu_id, item_id) VALUES ('c3377eba-1289-4fc7-864b-ea729764d735', '8f9c3efd-8f45-41b7-962e-9970f25e90f0');
INSERT INTO item_ingredients (menu_id, item_id, type) VALUES ('4656809d-9466-486b-ab76-d792a6709172', '910685e7-5995-4195-bd02-3c6be7da019f', 'Medalhão');
INSERT INTO item_ingredients (menu_id, item_id) VALUES ('4656809d-9466-486b-ab76-d792a6709172', '2a9235bf-488a-4e25-8589-26b1574d0adf');
INSERT INTO item_ingredients (menu_id, item_id, type) VALUES ('dad02602-b4ba-43d4-9778-bd0f3b4b735a', '47b36cbc-3376-46c3-b818-5da14f96e397', 'Medalhão');
INSERT INTO item_ingredients (menu_id, item_id) VALUES ('dad02602-b4ba-43d4-9778-bd0f3b4b735a', '2a9235bf-488a-4e25-8589-26b1574d0adf');
INSERT INTO items (_id, name, type) VALUES ('13aa3d77-e262-4346-b1d0-bb8f3806335e', 'Alface, Tomate Cereja, Palmito, Milho E Manga ', 'Salada');
INSERT INTO items (_id, name, type) VALUES ('0d374f81-04a2-498a-8360-590bd3b3bacb', 'Beterraba Cozida, Cenoura Cozida, Vagem Cozida, Alface, Tomate', 'Salada');
INSERT INTO items (_id, name, type) VALUES ('44f96cfe-5deb-4882-ab3a-d2458b49ca0b', 'Caesar Leve', 'Salada');
INSERT INTO items (_id, name, type) VALUES ('8e482a0e-3f1c-4018-9815-e4665e7255e0', 'Couve Crua, Repolho Roxo, Cenoura E Hortelã', 'Salada');
INSERT INTO items (_id, name, type) VALUES ('57c33e56-ff47-4d3a-9514-0fd66c2369f2', 'Pepino, Cebola Roxa, Tomate Cereja, Grâo De Bico, Batata Cozida, Cenoura Cozida', 'Salada');
INSERT INTO items (_id, name, type) VALUES ('1b8b02ed-ab19-4235-bd0e-3e6f38aceb18', 'Quinoa Com Manjericão, Cebola, E Pimentões', 'Salada');
INSERT INTO items (_id, name, type) VALUES ('731b8089-cc7a-437a-b692-241bb67cdf8e', 'Ralar:  Pepino Japonês C/ Casca, Beterraba, Rabante ', 'Salada');
INSERT INTO items (_id, name, type) VALUES ('31ba4f83-f0aa-40a4-9db0-a0ecdf682501', 'Salada Caprese Tradicional', 'Salada');
INSERT INTO items (_id, name, type) VALUES ('ed50c16a-206a-4ea7-9eb7-c4f5fb008860', 'Salada Com  Brocolis E Couve Flor Cozidos No Vapor', 'Salada');
INSERT INTO items (_id, name, type) VALUES ('d8c4aacc-b9ce-4757-b1a6-e63e5ba2043c', 'Salada De Abacate Com Laranja', 'Salada');
INSERT INTO items (_id, name, type) VALUES ('8ac4fccb-2b51-4663-a2ee-c2cc1c5decb2', 'Salada De Abobrinha/Tomate Cereja/Cebola Roxa E Azeitonas Pretas', 'Salada');
INSERT INTO items (_id, name, type) VALUES ('fab778f6-13d2-412d-bf1b-79fcb52cf190', 'Salada De Agrião, Laranja E Cebola Roxa.', 'Salada');
INSERT INTO items (_id, name, type) VALUES ('a84a7ba9-f6b0-49b5-aecb-8ab94309e151', 'Salada De Agrião, Queijo E Presunto', 'Salada');
INSERT INTO items (_id, name, type) VALUES ('a182c5d3-6104-4db3-97b2-ceb1aba0ee13', 'Salada De Aipo E Maça (Aipo, Maça, Alface, Azeitona)', 'Salada');
INSERT INTO items (_id, name, type) VALUES ('b80f0557-78c7-4534-ad07-6655c4426dc7', 'Salada De Alface, Rúcula, Tomate E Cebola.', 'Salada');
INSERT INTO items (_id, name, type) VALUES ('6b793d94-7e33-4aef-9535-64e9c8f1a612', 'Salada De Bacon', 'Salada');
INSERT INTO items (_id, name, type) VALUES ('93447553-fa29-47e1-b6a4-50c6d4deac10', 'Salada De Batatas Com Atum', 'Salada');
INSERT INTO items (_id, name, type) VALUES ('130918ce-2d83-4cb8-9773-9ce590b11d92', 'Salada De Beterraba Oriental', 'Salada');
INSERT INTO items (_id, name, type) VALUES ('76251c92-7d9c-4b1c-b71c-87e29cf5e609', 'Salada De Brocolis Picadinho E Cenoura Ralada', 'Salada');
INSERT INTO items (_id, name, type) VALUES ('ee53c824-bf5d-43fc-8320-96a56ae2d58e', 'Salada De Cenoura Ralada, Beterraba Ralada', 'Salada');
INSERT INTO items (_id, name, type) VALUES ('93ba6499-23f5-449d-9921-eceaafde32b5', 'Salada De Cenoura, Beterraba E Abobrinha Raladas.', 'Salada');
INSERT INTO items (_id, name, type) VALUES ('b31f8ded-c8af-486c-b232-9ff0af0413e4', 'Salada De Coreana De Pepino', 'Salada');
INSERT INTO items (_id, name, type) VALUES ('2a062a1d-04d9-4100-806a-04b77b361206', 'Salada De Cremosa', 'Salada');
INSERT INTO items (_id, name, type) VALUES ('c7b78a32-80f0-48f4-98ec-4136f231e5a6', 'Salada De Feijão Branco', 'Salada');
INSERT INTO items (_id, name, type) VALUES ('182874cd-9160-49cf-bb12-a7753ad4f690', 'Salada De Folhas Verdes (Alface,Rucula E Agriâo).', 'Salada');
INSERT INTO items (_id, name, type) VALUES ('74af338f-587b-4b38-9a0d-1cf7e2e99ea5', 'Salada De Folhas Verdes Com Tomate, Cenoura Ralada E Milho Verde.', 'Salada');
INSERT INTO items (_id, name, type) VALUES ('45c72ae7-de69-4b54-97d3-efc9dacee357', 'Salada De Folhas Verdes, Tomate E Cebola.', 'Salada');
INSERT INTO items (_id, name, type) VALUES ('1330baab-c6b3-4b84-b18c-60bed9282244', 'Salada De Grão De Bico', 'Salada');
INSERT INTO items (_id, name, type) VALUES ('b8470ccc-a168-441d-9ec9-0daf117673da', 'Salada De Grega', 'Salada');
INSERT INTO items (_id, name, type) VALUES ('3fbe8b8a-ed4e-4cc2-a470-63e49bba917d', 'Salada De Laranja', 'Salada');
INSERT INTO items (_id, name, type) VALUES ('11890cac-a2c0-4757-bad1-065b22582c42', 'Salada De Laranja E Cenoura', 'Salada');
INSERT INTO items (_id, name, type) VALUES ('91963ebf-606d-446f-a910-cab599ec57c4', 'Salada De Laranja, Cebola Roxa, Tomate Cereja, Azeitonas + Rúcula', 'Salada');
INSERT INTO items (_id, name, type) VALUES ('575d2fde-bad5-44c5-b4ab-0b043a31b1c5', 'Salada De Legumes No Vapor', 'Salada');
INSERT INTO items (_id, name, type) VALUES ('5778c61d-f564-4094-9799-2bdfc50c516e', 'Salada De Lentilha ', 'Salada');
INSERT INTO items (_id, name, type) VALUES ('a87eb62a-362a-437e-9bd9-d3ee92d13bee', 'Salada De Lentilha Com Bacon', 'Salada');
INSERT INTO items (_id, name, type) VALUES ('50aec07e-8812-477e-9d21-df677f550a5b', 'Salada De Maçã E Nozes', 'Salada');
INSERT INTO items (_id, name, type) VALUES ('3dbe611b-7f42-4532-a2cf-e99ffc75c27a', 'Salada De Manga Com Rúcula', 'Salada');
INSERT INTO items (_id, name, type) VALUES ('93f704c4-3080-4ef4-bea4-0630775d517f', 'Salada De Manga, Tomate, Cebola Roxa E Coentro', 'Salada');
INSERT INTO items (_id, name, type) VALUES ('695a7bcb-9ee3-434b-8874-d4990ff33933', 'Salada De Quinoa Com Cenoura E Abobrinha', 'Salada');
INSERT INTO items (_id, name, type) VALUES ('aea56076-90b4-4593-aae3-cfcbb6a09d81', 'Salada De Repolho', 'Salada');
INSERT INTO items (_id, name, type) VALUES ('321e4f0d-61d1-4d14-bad3-7c2471b6ce5b', 'Salada De Repolho Com Batata Palha', 'Salada');
INSERT INTO items (_id, name, type) VALUES ('38ddbaf7-449b-47c5-8d9b-d9a1090b6b68', 'Salada De Repolho Com Maçã E Amendoim', 'Salada');
INSERT INTO items (_id, name, type) VALUES ('604050f4-f6c2-4c0b-ae28-9f0f709a7149', 'Salada De Repolho Ralado, Cenoura Ralada, Cebolinha E Batata Palha', 'Salada');
INSERT INTO items (_id, name, type) VALUES ('6d0c8d4e-49ab-4670-b79f-28aca4e3ae78', 'Salada De Rucula, Alface, Laranja E Azeitonas.', 'Salada');
INSERT INTO items (_id, name, type) VALUES ('cc4789df-1875-4cb8-a21e-2be030b9f233', 'Salada De Tomate Cereja, Pepino Japonês E Cebola Roxa', 'Salada');
INSERT INTO items (_id, name, type) VALUES ('14b5ce46-e23e-4aeb-b265-445bdb246b2e', 'Salada De Tomate, Alface, Cenoura E Beterraba', 'Salada');
INSERT INTO items (_id, name, type) VALUES ('8d0f9458-923f-4b8c-b0e9-70bc231bba96', 'Salada Elegante', 'Salada');
INSERT INTO items (_id, name, type) VALUES ('ef971df5-b381-4e3a-a0a1-638859517c5d', 'Salada Marroquina', 'Salada');
INSERT INTO items (_id, name, type) VALUES ('4c84cce3-fd2d-4755-a621-9f7b501f83e1', 'Salada Mix De Batatas', 'Salada');
INSERT INTO items (_id, name, type) VALUES ('8bc392f6-fddc-47d1-9b92-477f1b7499f4', 'Salada Parisiense', 'Salada');
INSERT INTO items (_id, name, type) VALUES ('465024b6-d3ca-439c-a90b-ad0cf9dbc062', 'Salada Portuguesa', 'Salada');
INSERT INTO items (_id, name, type) VALUES ('bb624bd0-9b8b-4cc0-a994-38d135a20411', 'Salada Refrescante', 'Salada');
INSERT INTO items (_id, name, type) VALUES ('38c4ae74-8bc8-4297-83b0-e43a4b8d668c', 'Salada Tropical', 'Salada');
INSERT INTO items (_id, name, type) VALUES ('e31933f4-af17-4751-b2bd-275e67d3d855', 'Saladinha De Tomate, Pepino E Cebola Roxa. ', 'Salada');
INSERT INTO items (_id, name, type) VALUES ('96f33037-c3e9-4bd6-8765-bb316a252c56', 'Salpicão Fit De Frango', 'Salada');
INSERT INTO items (_id, name, type) VALUES ('148e822d-037a-4148-a1c6-a7b685aa7f1f', 'Tomate Cereja, Azeitonas Pretas, Cebola Roxa, Manjericão E Folhas Verdes', 'Salada');
INSERT INTO items (_id, name, type) VALUES ('9051bea4-9e43-4ddb-b333-9d5c565383d6', 'Vinagrete  Oriental:  Tomate + Pepino + Cebola Picado Em Cubinhos Temperado Com Azeite E Shoyo', 'Salada');
INSERT INTO items (_id, name, type) VALUES ('88de8c88-c892-493b-abd4-a5a03296f569', 'Vinagrete Com Grão De Bico', 'Salada');
INSERT INTO items (_id, name, type) VALUES ('fc4dd342-8783-4cb1-b2f0-5dbd2004b4cc', 'Vinagrete De Abacaxi', 'Salada');
INSERT INTO items (_id, name, type) VALUES ('00223961-8898-4707-b169-4c5480691f87', 'Vinagrete De Tomate, Pepino, Pimentão Amarelo', 'Salada');
INSERT INTO items (_id, name, type) VALUES ('1610d48d-95f7-4a8a-983d-f19aff8ed58d', 'Salada De Acelga', 'Salada');
INSERT INTO items (_id, name, type) VALUES ('94e4c351-5b6c-4b18-99e2-2d379fb0f1a0', 'Vinagrete De Abobrinha', 'Salada');
INSERT INTO items (_id, name, type) VALUES ('7bca7d57-9c41-41d5-935f-3aa0a125969d', 'Vinagrete De Morango', 'Salada');
INSERT INTO item_ingredients (menu_id, item_id) VALUES ('13aa3d77-e262-4346-b1d0-bb8f3806335e', '93dab001-1852-427f-8ac6-0e2c5e823dd4');
INSERT INTO item_ingredients (menu_id, item_id) VALUES ('13aa3d77-e262-4346-b1d0-bb8f3806335e', '628fc4d7-a7ac-4302-b89a-fd84a8582717');
INSERT INTO item_ingredients (menu_id, item_id) VALUES ('13aa3d77-e262-4346-b1d0-bb8f3806335e', '176201c2-7de7-48a9-9712-f18c60969c9e');
INSERT INTO item_ingredients (menu_id, item_id) VALUES ('0d374f81-04a2-498a-8360-590bd3b3bacb', '0b7ef6e4-7e82-4719-b3d0-ee24aa9017d6');
INSERT INTO item_ingredients (menu_id, item_id) VALUES ('0d374f81-04a2-498a-8360-590bd3b3bacb', 'afc16878-c32b-4fc8-b955-94444c348369');
INSERT INTO item_ingredients (menu_id, item_id) VALUES ('0d374f81-04a2-498a-8360-590bd3b3bacb', 'f4b12a95-fc71-4719-8e9c-1664b275535d');
INSERT INTO item_ingredients (menu_id, item_id) VALUES ('0d374f81-04a2-498a-8360-590bd3b3bacb', '9626474a-f0d6-4b0f-9592-b579bd5fa6ee');
INSERT INTO item_ingredients (menu_id, item_id) VALUES ('0d374f81-04a2-498a-8360-590bd3b3bacb', '93dab001-1852-427f-8ac6-0e2c5e823dd4');
INSERT INTO item_ingredients (menu_id, item_id, type) VALUES ('44f96cfe-5deb-4882-ab3a-d2458b49ca0b', 'cc45b90e-e718-4cf9-89e7-960b3b1dc6c1', 'Filé');
INSERT INTO item_ingredients (menu_id, item_id) VALUES ('44f96cfe-5deb-4882-ab3a-d2458b49ca0b', 'fde7b5e7-4a66-4854-bce1-2235981b411c');
INSERT INTO item_ingredients (menu_id, item_id) VALUES ('44f96cfe-5deb-4882-ab3a-d2458b49ca0b', '3eba6cf0-95ff-4e56-9836-222e89a56abf');
INSERT INTO item_ingredients (menu_id, item_id) VALUES ('44f96cfe-5deb-4882-ab3a-d2458b49ca0b', '93dab001-1852-427f-8ac6-0e2c5e823dd4');
INSERT INTO item_ingredients (menu_id, item_id) VALUES ('44f96cfe-5deb-4882-ab3a-d2458b49ca0b', '8d5598a0-869e-426b-b843-42950db4cae7');
INSERT INTO item_ingredients (menu_id, item_id) VALUES ('8e482a0e-3f1c-4018-9815-e4665e7255e0', '23c1455c-2693-4336-bcd5-cb571e2f3489');
INSERT INTO item_ingredients (menu_id, item_id) VALUES ('8e482a0e-3f1c-4018-9815-e4665e7255e0', 'd6356400-27b4-4b49-8c44-2b0b3e97600e');
INSERT INTO item_ingredients (menu_id, item_id) VALUES ('8e482a0e-3f1c-4018-9815-e4665e7255e0', 'afc16878-c32b-4fc8-b955-94444c348369');
INSERT INTO item_ingredients (menu_id, item_id) VALUES ('8e482a0e-3f1c-4018-9815-e4665e7255e0', '54db01b6-a1da-4d92-b6ef-7c063fb1ee18');
INSERT INTO item_ingredients (menu_id, item_id) VALUES ('57c33e56-ff47-4d3a-9514-0fd66c2369f2', 'd40b8df5-4811-4f5f-aa78-53e19f321c9b');
INSERT INTO item_ingredients (menu_id, item_id) VALUES ('57c33e56-ff47-4d3a-9514-0fd66c2369f2', '30891c56-8760-4ce5-883e-79b58240ad2f');
INSERT INTO item_ingredients (menu_id, item_id) VALUES ('57c33e56-ff47-4d3a-9514-0fd66c2369f2', '628fc4d7-a7ac-4302-b89a-fd84a8582717');
INSERT INTO item_ingredients (menu_id, item_id) VALUES ('57c33e56-ff47-4d3a-9514-0fd66c2369f2', '1eb4f81b-a514-4a0e-b26b-3082d49d8d30');
INSERT INTO item_ingredients (menu_id, item_id) VALUES ('57c33e56-ff47-4d3a-9514-0fd66c2369f2', 'afc16878-c32b-4fc8-b955-94444c348369');
INSERT INTO item_ingredients (menu_id, item_id) VALUES ('1b8b02ed-ab19-4235-bd0e-3e6f38aceb18', '3c6e7ada-b5d5-4613-9f34-b0c6946f6b52');
INSERT INTO item_ingredients (menu_id, item_id) VALUES ('1b8b02ed-ab19-4235-bd0e-3e6f38aceb18', '7afef5cf-2b87-4b8f-bdcd-f1701544e995');
INSERT INTO item_ingredients (menu_id, item_id) VALUES ('1b8b02ed-ab19-4235-bd0e-3e6f38aceb18', '1ee3f9c7-3467-46d5-86f5-2bab65e29568');
INSERT INTO item_ingredients (menu_id, item_id) VALUES ('1b8b02ed-ab19-4235-bd0e-3e6f38aceb18', '8f9515cd-0fa0-4c67-8078-54833afa5293');
INSERT INTO item_ingredients (menu_id, item_id) VALUES ('731b8089-cc7a-437a-b692-241bb67cdf8e', 'ade4d8d4-e07a-4f86-bb74-0c534993ff5d');
INSERT INTO item_ingredients (menu_id, item_id) VALUES ('731b8089-cc7a-437a-b692-241bb67cdf8e', '0b7ef6e4-7e82-4719-b3d0-ee24aa9017d6');
INSERT INTO item_ingredients (menu_id, item_id) VALUES ('731b8089-cc7a-437a-b692-241bb67cdf8e', '388f61fa-72dc-46dd-a2d8-657c73e77c89');
INSERT INTO item_ingredients (menu_id, item_id) VALUES ('31ba4f83-f0aa-40a4-9db0-a0ecdf682501', '7574484d-49b7-401d-b8a0-5d796ee47ec6');
INSERT INTO item_ingredients (menu_id, item_id) VALUES ('31ba4f83-f0aa-40a4-9db0-a0ecdf682501', '8f9515cd-0fa0-4c67-8078-54833afa5293');
INSERT INTO item_ingredients (menu_id, item_id) VALUES ('31ba4f83-f0aa-40a4-9db0-a0ecdf682501', '212be2b0-4463-4a79-bf58-53dd1bd0b0ee');
INSERT INTO item_ingredients (menu_id, item_id) VALUES ('ed50c16a-206a-4ea7-9eb7-c4f5fb008860', '00d265c2-83af-499c-ab1b-8045c62d7f9d');
INSERT INTO item_ingredients (menu_id, item_id) VALUES ('ed50c16a-206a-4ea7-9eb7-c4f5fb008860', 'b6631adb-9c57-46d4-866c-13e8d6433909');
INSERT INTO item_ingredients (menu_id, item_id) VALUES ('d8c4aacc-b9ce-4757-b1a6-e63e5ba2043c', '02e095ad-d985-414f-97ec-83323add9802');
INSERT INTO item_ingredients (menu_id, item_id) VALUES ('d8c4aacc-b9ce-4757-b1a6-e63e5ba2043c', 'e07fbaf1-69f7-49df-821c-75a8a13fc71c');
INSERT INTO item_ingredients (menu_id, item_id) VALUES ('d8c4aacc-b9ce-4757-b1a6-e63e5ba2043c', '93dab001-1852-427f-8ac6-0e2c5e823dd4');
INSERT INTO item_ingredients (menu_id, item_id) VALUES ('d8c4aacc-b9ce-4757-b1a6-e63e5ba2043c', '30891c56-8760-4ce5-883e-79b58240ad2f');
INSERT INTO item_ingredients (menu_id, item_id) VALUES ('d8c4aacc-b9ce-4757-b1a6-e63e5ba2043c', '5813c681-8b58-4a37-b121-fc5b6d940ead');
INSERT INTO item_ingredients (menu_id, item_id) VALUES ('d8c4aacc-b9ce-4757-b1a6-e63e5ba2043c', '27dd8359-c265-4547-a49b-f9f771599298');
INSERT INTO item_ingredients (menu_id, item_id) VALUES ('d8c4aacc-b9ce-4757-b1a6-e63e5ba2043c', 'fde7b5e7-4a66-4854-bce1-2235981b411c');
INSERT INTO item_ingredients (menu_id, item_id) VALUES ('d8c4aacc-b9ce-4757-b1a6-e63e5ba2043c', 'edbab5e4-c4bf-405c-98fa-dc45b2504454');
INSERT INTO item_ingredients (menu_id, item_id) VALUES ('8ac4fccb-2b51-4663-a2ee-c2cc1c5decb2', '3050f7f6-44ed-433a-81d0-168df40c39af');
INSERT INTO item_ingredients (menu_id, item_id) VALUES ('8ac4fccb-2b51-4663-a2ee-c2cc1c5decb2', '628fc4d7-a7ac-4302-b89a-fd84a8582717');
INSERT INTO item_ingredients (menu_id, item_id) VALUES ('8ac4fccb-2b51-4663-a2ee-c2cc1c5decb2', '30891c56-8760-4ce5-883e-79b58240ad2f');
INSERT INTO item_ingredients (menu_id, item_id) VALUES ('fab778f6-13d2-412d-bf1b-79fcb52cf190', '35f7f888-6ad4-4823-9dd8-0defca817c93');
INSERT INTO item_ingredients (menu_id, item_id) VALUES ('fab778f6-13d2-412d-bf1b-79fcb52cf190', '30891c56-8760-4ce5-883e-79b58240ad2f');
INSERT INTO item_ingredients (menu_id, item_id) VALUES ('fab778f6-13d2-412d-bf1b-79fcb52cf190', 'b683a759-0af2-4149-9eb5-1935906c0a6f');
INSERT INTO item_ingredients (menu_id, item_id) VALUES ('a84a7ba9-f6b0-49b5-aecb-8ab94309e151', 'b683a759-0af2-4149-9eb5-1935906c0a6f');
INSERT INTO item_ingredients (menu_id, item_id) VALUES ('a84a7ba9-f6b0-49b5-aecb-8ab94309e151', 'c39ee5a7-a182-41cb-bcd2-2eb00cd06fce');
INSERT INTO item_ingredients (menu_id, item_id) VALUES ('a84a7ba9-f6b0-49b5-aecb-8ab94309e151', 'b09c6b03-90ef-4586-9205-ea285e402624');
INSERT INTO item_ingredients (menu_id, item_id) VALUES ('a182c5d3-6104-4db3-97b2-ceb1aba0ee13', '46c5221b-ee0c-495f-a97a-7a70e79ba5e4');
INSERT INTO item_ingredients (menu_id, item_id) VALUES ('a182c5d3-6104-4db3-97b2-ceb1aba0ee13', '5e8a9eec-b60f-460f-9a24-c3950df3dc37');
INSERT INTO item_ingredients (menu_id, item_id) VALUES ('a182c5d3-6104-4db3-97b2-ceb1aba0ee13', 'edbab5e4-c4bf-405c-98fa-dc45b2504454');
INSERT INTO item_ingredients (menu_id, item_id) VALUES ('b80f0557-78c7-4534-ad07-6655c4426dc7', '0008d959-ed4c-4b6b-80ce-65ff8f24281a');
INSERT INTO item_ingredients (menu_id, item_id) VALUES ('b80f0557-78c7-4534-ad07-6655c4426dc7', '5813c681-8b58-4a37-b121-fc5b6d940ead');
INSERT INTO item_ingredients (menu_id, item_id) VALUES ('b80f0557-78c7-4534-ad07-6655c4426dc7', '9626474a-f0d6-4b0f-9592-b579bd5fa6ee');
INSERT INTO item_ingredients (menu_id, item_id) VALUES ('b80f0557-78c7-4534-ad07-6655c4426dc7', '3c6e7ada-b5d5-4613-9f34-b0c6946f6b52');
INSERT INTO item_ingredients (menu_id, item_id) VALUES ('6b793d94-7e33-4aef-9535-64e9c8f1a612', '93dab001-1852-427f-8ac6-0e2c5e823dd4');
INSERT INTO item_ingredients (menu_id, item_id) VALUES ('6b793d94-7e33-4aef-9535-64e9c8f1a612', '30891c56-8760-4ce5-883e-79b58240ad2f');
INSERT INTO item_ingredients (menu_id, item_id) VALUES ('6b793d94-7e33-4aef-9535-64e9c8f1a612', 'fde7b5e7-4a66-4854-bce1-2235981b411c');
INSERT INTO item_ingredients (menu_id, item_id) VALUES ('6b793d94-7e33-4aef-9535-64e9c8f1a612', 'b5b90f6f-d201-4631-985f-7acc4a1b1fc3');
INSERT INTO item_ingredients (menu_id, item_id) VALUES ('93447553-fa29-47e1-b6a4-50c6d4deac10', '1eb4f81b-a514-4a0e-b26b-3082d49d8d30');
INSERT INTO item_ingredients (menu_id, item_id) VALUES ('93447553-fa29-47e1-b6a4-50c6d4deac10', '30891c56-8760-4ce5-883e-79b58240ad2f');
INSERT INTO item_ingredients (menu_id, item_id) VALUES ('93447553-fa29-47e1-b6a4-50c6d4deac10', 'edbab5e4-c4bf-405c-98fa-dc45b2504454');
INSERT INTO item_ingredients (menu_id, item_id) VALUES ('93447553-fa29-47e1-b6a4-50c6d4deac10', '93dab001-1852-427f-8ac6-0e2c5e823dd4');
INSERT INTO item_ingredients (menu_id, item_id) VALUES ('93447553-fa29-47e1-b6a4-50c6d4deac10', '5813c681-8b58-4a37-b121-fc5b6d940ead');
INSERT INTO item_ingredients (menu_id, item_id) VALUES ('130918ce-2d83-4cb8-9773-9ce590b11d92', '0b7ef6e4-7e82-4719-b3d0-ee24aa9017d6');
INSERT INTO item_ingredients (menu_id, item_id) VALUES ('130918ce-2d83-4cb8-9773-9ce590b11d92', '30891c56-8760-4ce5-883e-79b58240ad2f');
INSERT INTO item_ingredients (menu_id, item_id) VALUES ('130918ce-2d83-4cb8-9773-9ce590b11d92', 'fde7b5e7-4a66-4854-bce1-2235981b411c');
INSERT INTO item_ingredients (menu_id, item_id) VALUES ('130918ce-2d83-4cb8-9773-9ce590b11d92', '27dd8359-c265-4547-a49b-f9f771599298');
INSERT INTO item_ingredients (menu_id, item_id) VALUES ('76251c92-7d9c-4b1c-b71c-87e29cf5e609', 'afc16878-c32b-4fc8-b955-94444c348369');
INSERT INTO item_ingredients (menu_id, item_id) VALUES ('76251c92-7d9c-4b1c-b71c-87e29cf5e609', 'caa6cbef-11f8-4466-9259-152648b16c4f');
INSERT INTO item_ingredients (menu_id, item_id) VALUES ('ee53c824-bf5d-43fc-8320-96a56ae2d58e', 'afc16878-c32b-4fc8-b955-94444c348369');
INSERT INTO item_ingredients (menu_id, item_id) VALUES ('ee53c824-bf5d-43fc-8320-96a56ae2d58e', '0b7ef6e4-7e82-4719-b3d0-ee24aa9017d6');
INSERT INTO item_ingredients (menu_id, item_id) VALUES ('93ba6499-23f5-449d-9921-eceaafde32b5', 'afc16878-c32b-4fc8-b955-94444c348369');
INSERT INTO item_ingredients (menu_id, item_id) VALUES ('93ba6499-23f5-449d-9921-eceaafde32b5', '0b7ef6e4-7e82-4719-b3d0-ee24aa9017d6');
INSERT INTO item_ingredients (menu_id, item_id) VALUES ('93ba6499-23f5-449d-9921-eceaafde32b5', '3050f7f6-44ed-433a-81d0-168df40c39af');
INSERT INTO item_ingredients (menu_id, item_id) VALUES ('b31f8ded-c8af-486c-b232-9ff0af0413e4', 'd40b8df5-4811-4f5f-aa78-53e19f321c9b');
INSERT INTO item_ingredients (menu_id, item_id) VALUES ('b31f8ded-c8af-486c-b232-9ff0af0413e4', 'f6bd14f0-b507-4b7c-a766-1a190b586578');
INSERT INTO item_ingredients (menu_id, item_id) VALUES ('b31f8ded-c8af-486c-b232-9ff0af0413e4', '3eba6cf0-95ff-4e56-9836-222e89a56abf');
INSERT INTO item_ingredients (menu_id, item_id) VALUES ('b31f8ded-c8af-486c-b232-9ff0af0413e4', '9be9ffbb-42ea-4dab-a21f-231734872eb0');
INSERT INTO item_ingredients (menu_id, item_id) VALUES ('2a062a1d-04d9-4100-806a-04b77b361206', 'afc16878-c32b-4fc8-b955-94444c348369');
INSERT INTO item_ingredients (menu_id, item_id) VALUES ('2a062a1d-04d9-4100-806a-04b77b361206', '9626474a-f0d6-4b0f-9592-b579bd5fa6ee');
INSERT INTO item_ingredients (menu_id, item_id) VALUES ('2a062a1d-04d9-4100-806a-04b77b361206', '3c6e7ada-b5d5-4613-9f34-b0c6946f6b52');
INSERT INTO item_ingredients (menu_id, item_id) VALUES ('2a062a1d-04d9-4100-806a-04b77b361206', '0a1b9526-cbbf-498f-a32d-1fcdcf3c4dcf');
INSERT INTO item_ingredients (menu_id, item_id) VALUES ('c7b78a32-80f0-48f4-98ec-4136f231e5a6', '9626474a-f0d6-4b0f-9592-b579bd5fa6ee');
INSERT INTO item_ingredients (menu_id, item_id) VALUES ('c7b78a32-80f0-48f4-98ec-4136f231e5a6', '3c6e7ada-b5d5-4613-9f34-b0c6946f6b52');
INSERT INTO item_ingredients (menu_id, item_id) VALUES ('c7b78a32-80f0-48f4-98ec-4136f231e5a6', '7afef5cf-2b87-4b8f-bdcd-f1701544e995');
INSERT INTO item_ingredients (menu_id, item_id) VALUES ('c7b78a32-80f0-48f4-98ec-4136f231e5a6', 'b550e9bc-568f-489b-b5a5-31e8c4064fe2');
INSERT INTO item_ingredients (menu_id, item_id) VALUES ('c7b78a32-80f0-48f4-98ec-4136f231e5a6', 'b09c6b03-90ef-4586-9205-ea285e402624');
INSERT INTO item_ingredients (menu_id, item_id) VALUES ('c7b78a32-80f0-48f4-98ec-4136f231e5a6', '6d09b687-b94c-4099-abae-bbe785917fd7');
INSERT INTO item_ingredients (menu_id, item_id) VALUES ('182874cd-9160-49cf-bb12-a7753ad4f690', '93dab001-1852-427f-8ac6-0e2c5e823dd4');
INSERT INTO item_ingredients (menu_id, item_id) VALUES ('182874cd-9160-49cf-bb12-a7753ad4f690', '5813c681-8b58-4a37-b121-fc5b6d940ead');
INSERT INTO item_ingredients (menu_id, item_id) VALUES ('182874cd-9160-49cf-bb12-a7753ad4f690', 'b683a759-0af2-4149-9eb5-1935906c0a6f');
INSERT INTO item_ingredients (menu_id, item_id) VALUES ('74af338f-587b-4b38-9a0d-1cf7e2e99ea5', '93dab001-1852-427f-8ac6-0e2c5e823dd4');
INSERT INTO item_ingredients (menu_id, item_id) VALUES ('74af338f-587b-4b38-9a0d-1cf7e2e99ea5', '5813c681-8b58-4a37-b121-fc5b6d940ead');
INSERT INTO item_ingredients (menu_id, item_id) VALUES ('74af338f-587b-4b38-9a0d-1cf7e2e99ea5', '7574484d-49b7-401d-b8a0-5d796ee47ec6');
INSERT INTO item_ingredients (menu_id, item_id) VALUES ('74af338f-587b-4b38-9a0d-1cf7e2e99ea5', 'afc16878-c32b-4fc8-b955-94444c348369');
INSERT INTO item_ingredients (menu_id, item_id) VALUES ('45c72ae7-de69-4b54-97d3-efc9dacee357', '0008d959-ed4c-4b6b-80ce-65ff8f24281a');
INSERT INTO item_ingredients (menu_id, item_id) VALUES ('45c72ae7-de69-4b54-97d3-efc9dacee357', '5813c681-8b58-4a37-b121-fc5b6d940ead');
INSERT INTO item_ingredients (menu_id, item_id) VALUES ('45c72ae7-de69-4b54-97d3-efc9dacee357', '7574484d-49b7-401d-b8a0-5d796ee47ec6');
INSERT INTO item_ingredients (menu_id, item_id) VALUES ('45c72ae7-de69-4b54-97d3-efc9dacee357', '30891c56-8760-4ce5-883e-79b58240ad2f');
INSERT INTO item_ingredients (menu_id, item_id) VALUES ('1330baab-c6b3-4b84-b18c-60bed9282244', '1ee3f9c7-3467-46d5-86f5-2bab65e29568');
INSERT INTO item_ingredients (menu_id, item_id) VALUES ('1330baab-c6b3-4b84-b18c-60bed9282244', '628fc4d7-a7ac-4302-b89a-fd84a8582717');
INSERT INTO item_ingredients (menu_id, item_id) VALUES ('1330baab-c6b3-4b84-b18c-60bed9282244', '8f9515cd-0fa0-4c67-8078-54833afa5293');
INSERT INTO item_ingredients (menu_id, item_id) VALUES ('1330baab-c6b3-4b84-b18c-60bed9282244', '8d5598a0-869e-426b-b843-42950db4cae7');
INSERT INTO item_ingredients (menu_id, item_id) VALUES ('b8470ccc-a168-441d-9ec9-0daf117673da', 'd40b8df5-4811-4f5f-aa78-53e19f321c9b');
INSERT INTO item_ingredients (menu_id, item_id) VALUES ('b8470ccc-a168-441d-9ec9-0daf117673da', '30891c56-8760-4ce5-883e-79b58240ad2f');
INSERT INTO item_ingredients (menu_id, item_id) VALUES ('b8470ccc-a168-441d-9ec9-0daf117673da', '628fc4d7-a7ac-4302-b89a-fd84a8582717');
INSERT INTO item_ingredients (menu_id, item_id) VALUES ('b8470ccc-a168-441d-9ec9-0daf117673da', 'fde7b5e7-4a66-4854-bce1-2235981b411c');
INSERT INTO item_ingredients (menu_id, item_id) VALUES ('b8470ccc-a168-441d-9ec9-0daf117673da', 'ae974228-e51b-4d82-b5d8-a67bd74acff7');
INSERT INTO item_ingredients (menu_id, item_id) VALUES ('3fbe8b8a-ed4e-4cc2-a470-63e49bba917d', '02e095ad-d985-414f-97ec-83323add9802');
INSERT INTO item_ingredients (menu_id, item_id) VALUES ('3fbe8b8a-ed4e-4cc2-a470-63e49bba917d', '30891c56-8760-4ce5-883e-79b58240ad2f');
INSERT INTO item_ingredients (menu_id, item_id) VALUES ('11890cac-a2c0-4757-bad1-065b22582c42', 'afc16878-c32b-4fc8-b955-94444c348369');
INSERT INTO item_ingredients (menu_id, item_id) VALUES ('11890cac-a2c0-4757-bad1-065b22582c42', '02e095ad-d985-414f-97ec-83323add9802');
INSERT INTO item_ingredients (menu_id, item_id) VALUES ('11890cac-a2c0-4757-bad1-065b22582c42', '93dab001-1852-427f-8ac6-0e2c5e823dd4');
INSERT INTO item_ingredients (menu_id, item_id) VALUES ('11890cac-a2c0-4757-bad1-065b22582c42', '30891c56-8760-4ce5-883e-79b58240ad2f');
INSERT INTO item_ingredients (menu_id, item_id) VALUES ('11890cac-a2c0-4757-bad1-065b22582c42', 'fde7b5e7-4a66-4854-bce1-2235981b411c');
INSERT INTO item_ingredients (menu_id, item_id) VALUES ('91963ebf-606d-446f-a910-cab599ec57c4', '02e095ad-d985-414f-97ec-83323add9802');
INSERT INTO item_ingredients (menu_id, item_id) VALUES ('91963ebf-606d-446f-a910-cab599ec57c4', '30891c56-8760-4ce5-883e-79b58240ad2f');
INSERT INTO item_ingredients (menu_id, item_id) VALUES ('91963ebf-606d-446f-a910-cab599ec57c4', '628fc4d7-a7ac-4302-b89a-fd84a8582717');
INSERT INTO item_ingredients (menu_id, item_id) VALUES ('91963ebf-606d-446f-a910-cab599ec57c4', '5813c681-8b58-4a37-b121-fc5b6d940ead');
INSERT INTO item_ingredients (menu_id, item_id) VALUES ('575d2fde-bad5-44c5-b4ab-0b043a31b1c5', 'b6631adb-9c57-46d4-866c-13e8d6433909');
INSERT INTO item_ingredients (menu_id, item_id) VALUES ('575d2fde-bad5-44c5-b4ab-0b043a31b1c5', 'd1f99d09-4fa4-4e30-a1ae-5e8696398a04');
INSERT INTO item_ingredients (menu_id, item_id) VALUES ('575d2fde-bad5-44c5-b4ab-0b043a31b1c5', 'f4b12a95-fc71-4719-8e9c-1664b275535d');
INSERT INTO item_ingredients (menu_id, item_id) VALUES ('575d2fde-bad5-44c5-b4ab-0b043a31b1c5', 'afc16878-c32b-4fc8-b955-94444c348369');
INSERT INTO item_ingredients (menu_id, item_id) VALUES ('5778c61d-f564-4094-9799-2bdfc50c516e', '1ee3f9c7-3467-46d5-86f5-2bab65e29568');
INSERT INTO item_ingredients (menu_id, item_id) VALUES ('5778c61d-f564-4094-9799-2bdfc50c516e', '30891c56-8760-4ce5-883e-79b58240ad2f');
INSERT INTO item_ingredients (menu_id, item_id) VALUES ('5778c61d-f564-4094-9799-2bdfc50c516e', '9626474a-f0d6-4b0f-9592-b579bd5fa6ee');
INSERT INTO item_ingredients (menu_id, item_id) VALUES ('5778c61d-f564-4094-9799-2bdfc50c516e', 'fde7b5e7-4a66-4854-bce1-2235981b411c');
INSERT INTO item_ingredients (menu_id, item_id) VALUES ('5778c61d-f564-4094-9799-2bdfc50c516e', '54db01b6-a1da-4d92-b6ef-7c063fb1ee18');
INSERT INTO item_ingredients (menu_id, item_id) VALUES ('a87eb62a-362a-437e-9bd9-d3ee92d13bee', 'b5b90f6f-d201-4631-985f-7acc4a1b1fc3');
INSERT INTO item_ingredients (menu_id, item_id) VALUES ('50aec07e-8812-477e-9d21-df677f550a5b', '628fc4d7-a7ac-4302-b89a-fd84a8582717');
INSERT INTO item_ingredients (menu_id, item_id) VALUES ('50aec07e-8812-477e-9d21-df677f550a5b', '46c5221b-ee0c-495f-a97a-7a70e79ba5e4');
INSERT INTO item_ingredients (menu_id, item_id) VALUES ('50aec07e-8812-477e-9d21-df677f550a5b', '5e8a9eec-b60f-460f-9a24-c3950df3dc37');
INSERT INTO item_ingredients (menu_id, item_id) VALUES ('50aec07e-8812-477e-9d21-df677f550a5b', 'a7f05fdd-e918-4313-814c-37a38e2bc1e2');
INSERT INTO item_ingredients (menu_id, item_id) VALUES ('3dbe611b-7f42-4532-a2cf-e99ffc75c27a', '30891c56-8760-4ce5-883e-79b58240ad2f');
INSERT INTO item_ingredients (menu_id, item_id) VALUES ('3dbe611b-7f42-4532-a2cf-e99ffc75c27a', '176201c2-7de7-48a9-9712-f18c60969c9e');
INSERT INTO item_ingredients (menu_id, item_id) VALUES ('3dbe611b-7f42-4532-a2cf-e99ffc75c27a', '5813c681-8b58-4a37-b121-fc5b6d940ead');
INSERT INTO item_ingredients (menu_id, item_id) VALUES ('93f704c4-3080-4ef4-bea4-0630775d517f', '176201c2-7de7-48a9-9712-f18c60969c9e');
INSERT INTO item_ingredients (menu_id, item_id) VALUES ('93f704c4-3080-4ef4-bea4-0630775d517f', '628fc4d7-a7ac-4302-b89a-fd84a8582717');
INSERT INTO item_ingredients (menu_id, item_id) VALUES ('93f704c4-3080-4ef4-bea4-0630775d517f', '30891c56-8760-4ce5-883e-79b58240ad2f');
INSERT INTO item_ingredients (menu_id, item_id) VALUES ('93f704c4-3080-4ef4-bea4-0630775d517f', '27dd8359-c265-4547-a49b-f9f771599298');
INSERT INTO item_ingredients (menu_id, item_id) VALUES ('695a7bcb-9ee3-434b-8874-d4990ff33933', 'afc16878-c32b-4fc8-b955-94444c348369');
INSERT INTO item_ingredients (menu_id, item_id) VALUES ('695a7bcb-9ee3-434b-8874-d4990ff33933', '3050f7f6-44ed-433a-81d0-168df40c39af');
INSERT INTO item_ingredients (menu_id, item_id) VALUES ('aea56076-90b4-4593-aae3-cfcbb6a09d81', 'd6356400-27b4-4b49-8c44-2b0b3e97600e');
INSERT INTO item_ingredients (menu_id, item_id) VALUES ('aea56076-90b4-4593-aae3-cfcbb6a09d81', '0a1b9526-cbbf-498f-a32d-1fcdcf3c4dcf');
INSERT INTO item_ingredients (menu_id, item_id) VALUES ('aea56076-90b4-4593-aae3-cfcbb6a09d81', 'f6bd14f0-b507-4b7c-a766-1a190b586578');
INSERT INTO item_ingredients (menu_id, item_id) VALUES ('321e4f0d-61d1-4d14-bad3-7c2471b6ce5b', 'd6356400-27b4-4b49-8c44-2b0b3e97600e');
INSERT INTO item_ingredients (menu_id, item_id) VALUES ('38ddbaf7-449b-47c5-8d9b-d9a1090b6b68', '84f99194-91d3-4153-8a2d-2f884c3e7ebe');
INSERT INTO item_ingredients (menu_id, item_id) VALUES ('38ddbaf7-449b-47c5-8d9b-d9a1090b6b68', 'fde7b5e7-4a66-4854-bce1-2235981b411c');
INSERT INTO item_ingredients (menu_id, item_id) VALUES ('38ddbaf7-449b-47c5-8d9b-d9a1090b6b68', 'ae3d20eb-2034-4a79-8a6d-8e1febc04ea0');
INSERT INTO item_ingredients (menu_id, item_id) VALUES ('604050f4-f6c2-4c0b-ae28-9f0f709a7149', '84f99194-91d3-4153-8a2d-2f884c3e7ebe');
INSERT INTO item_ingredients (menu_id, item_id) VALUES ('604050f4-f6c2-4c0b-ae28-9f0f709a7149', 'afc16878-c32b-4fc8-b955-94444c348369');
INSERT INTO item_ingredients (menu_id, item_id) VALUES ('604050f4-f6c2-4c0b-ae28-9f0f709a7149', 'f6bd14f0-b507-4b7c-a766-1a190b586578');
INSERT INTO item_ingredients (menu_id, item_id) VALUES ('6d0c8d4e-49ab-4670-b79f-28aca4e3ae78', '5813c681-8b58-4a37-b121-fc5b6d940ead');
INSERT INTO item_ingredients (menu_id, item_id) VALUES ('6d0c8d4e-49ab-4670-b79f-28aca4e3ae78', '0008d959-ed4c-4b6b-80ce-65ff8f24281a');
INSERT INTO item_ingredients (menu_id, item_id) VALUES ('6d0c8d4e-49ab-4670-b79f-28aca4e3ae78', '02e095ad-d985-414f-97ec-83323add9802');
INSERT INTO item_ingredients (menu_id, item_id) VALUES ('cc4789df-1875-4cb8-a21e-2be030b9f233', 'd40b8df5-4811-4f5f-aa78-53e19f321c9b');
INSERT INTO item_ingredients (menu_id, item_id) VALUES ('cc4789df-1875-4cb8-a21e-2be030b9f233', '628fc4d7-a7ac-4302-b89a-fd84a8582717');
INSERT INTO item_ingredients (menu_id, item_id) VALUES ('cc4789df-1875-4cb8-a21e-2be030b9f233', '30891c56-8760-4ce5-883e-79b58240ad2f');
INSERT INTO item_ingredients (menu_id, item_id) VALUES ('14b5ce46-e23e-4aeb-b265-445bdb246b2e', '0008d959-ed4c-4b6b-80ce-65ff8f24281a');
INSERT INTO item_ingredients (menu_id, item_id) VALUES ('14b5ce46-e23e-4aeb-b265-445bdb246b2e', '9626474a-f0d6-4b0f-9592-b579bd5fa6ee');
INSERT INTO item_ingredients (menu_id, item_id) VALUES ('14b5ce46-e23e-4aeb-b265-445bdb246b2e', 'afc16878-c32b-4fc8-b955-94444c348369');
INSERT INTO item_ingredients (menu_id, item_id) VALUES ('14b5ce46-e23e-4aeb-b265-445bdb246b2e', '0b7ef6e4-7e82-4719-b3d0-ee24aa9017d6');
INSERT INTO item_ingredients (menu_id, item_id) VALUES ('8d0f9458-923f-4b8c-b0e9-70bc231bba96', '93dab001-1852-427f-8ac6-0e2c5e823dd4');
INSERT INTO item_ingredients (menu_id, item_id) VALUES ('8d0f9458-923f-4b8c-b0e9-70bc231bba96', 'edbab5e4-c4bf-405c-98fa-dc45b2504454');
INSERT INTO item_ingredients (menu_id, item_id) VALUES ('8d0f9458-923f-4b8c-b0e9-70bc231bba96', '7574484d-49b7-401d-b8a0-5d796ee47ec6');
INSERT INTO item_ingredients (menu_id, item_id) VALUES ('8d0f9458-923f-4b8c-b0e9-70bc231bba96', '8d5598a0-869e-426b-b843-42950db4cae7');
INSERT INTO item_ingredients (menu_id, item_id, type) VALUES ('ef971df5-b381-4e3a-a0a1-638859517c5d', 'df236df4-802b-48ed-af54-5b28fed12aaf', 'Desfiado');
INSERT INTO item_ingredients (menu_id, item_id) VALUES ('ef971df5-b381-4e3a-a0a1-638859517c5d', '5e8a9eec-b60f-460f-9a24-c3950df3dc37');
INSERT INTO item_ingredients (menu_id, item_id) VALUES ('ef971df5-b381-4e3a-a0a1-638859517c5d', '7afef5cf-2b87-4b8f-bdcd-f1701544e995');
INSERT INTO item_ingredients (menu_id, item_id) VALUES ('ef971df5-b381-4e3a-a0a1-638859517c5d', '445009cd-5a72-43f3-8137-0185948de15f');
INSERT INTO item_ingredients (menu_id, item_id) VALUES ('ef971df5-b381-4e3a-a0a1-638859517c5d', '1ee3f9c7-3467-46d5-86f5-2bab65e29568');
INSERT INTO item_ingredients (menu_id, item_id) VALUES ('ef971df5-b381-4e3a-a0a1-638859517c5d', '3c6e7ada-b5d5-4613-9f34-b0c6946f6b52');
INSERT INTO item_ingredients (menu_id, item_id) VALUES ('4c84cce3-fd2d-4755-a621-9f7b501f83e1', '1eb4f81b-a514-4a0e-b26b-3082d49d8d30');
INSERT INTO item_ingredients (menu_id, item_id) VALUES ('4c84cce3-fd2d-4755-a621-9f7b501f83e1', 'c78e32a9-ef50-44e9-a182-468147bf5f89');
INSERT INTO item_ingredients (menu_id, item_id) VALUES ('4c84cce3-fd2d-4755-a621-9f7b501f83e1', '3c6e7ada-b5d5-4613-9f34-b0c6946f6b52');
INSERT INTO item_ingredients (menu_id, item_id) VALUES ('4c84cce3-fd2d-4755-a621-9f7b501f83e1', 'b550e9bc-568f-489b-b5a5-31e8c4064fe2');
INSERT INTO item_ingredients (menu_id, item_id) VALUES ('4c84cce3-fd2d-4755-a621-9f7b501f83e1', 'ae3d20eb-2034-4a79-8a6d-8e1febc04ea0');
INSERT INTO item_ingredients (menu_id, item_id) VALUES ('8bc392f6-fddc-47d1-9b92-477f1b7499f4', '93dab001-1852-427f-8ac6-0e2c5e823dd4');
INSERT INTO item_ingredients (menu_id, item_id) VALUES ('8bc392f6-fddc-47d1-9b92-477f1b7499f4', '628fc4d7-a7ac-4302-b89a-fd84a8582717');
INSERT INTO item_ingredients (menu_id, item_id) VALUES ('8bc392f6-fddc-47d1-9b92-477f1b7499f4', '8d5598a0-869e-426b-b843-42950db4cae7');
INSERT INTO item_ingredients (menu_id, item_id) VALUES ('8bc392f6-fddc-47d1-9b92-477f1b7499f4', 'b09c6b03-90ef-4586-9205-ea285e402624');
INSERT INTO item_ingredients (menu_id, item_id) VALUES ('465024b6-d3ca-439c-a90b-ad0cf9dbc062', '1eb4f81b-a514-4a0e-b26b-3082d49d8d30');
INSERT INTO item_ingredients (menu_id, item_id) VALUES ('465024b6-d3ca-439c-a90b-ad0cf9dbc062', '0a1b9526-cbbf-498f-a32d-1fcdcf3c4dcf');
INSERT INTO item_ingredients (menu_id, item_id) VALUES ('465024b6-d3ca-439c-a90b-ad0cf9dbc062', 'f6bd14f0-b507-4b7c-a766-1a190b586578');
INSERT INTO item_ingredients (menu_id, item_id) VALUES ('bb624bd0-9b8b-4cc0-a994-38d135a20411', '176201c2-7de7-48a9-9712-f18c60969c9e');
INSERT INTO item_ingredients (menu_id, item_id) VALUES ('bb624bd0-9b8b-4cc0-a994-38d135a20411', 'e07fbaf1-69f7-49df-821c-75a8a13fc71c');
INSERT INTO item_ingredients (menu_id, item_id) VALUES ('bb624bd0-9b8b-4cc0-a994-38d135a20411', 'd40b8df5-4811-4f5f-aa78-53e19f321c9b');
INSERT INTO item_ingredients (menu_id, item_id) VALUES ('bb624bd0-9b8b-4cc0-a994-38d135a20411', '9626474a-f0d6-4b0f-9592-b579bd5fa6ee');
INSERT INTO item_ingredients (menu_id, item_id) VALUES ('bb624bd0-9b8b-4cc0-a994-38d135a20411', '0a1b9526-cbbf-498f-a32d-1fcdcf3c4dcf');
INSERT INTO item_ingredients (menu_id, item_id) VALUES ('38c4ae74-8bc8-4297-83b0-e43a4b8d668c', '7cee5cc9-24cd-4e46-a63a-924b36e46b85');
INSERT INTO item_ingredients (menu_id, item_id) VALUES ('38c4ae74-8bc8-4297-83b0-e43a4b8d668c', '628fc4d7-a7ac-4302-b89a-fd84a8582717');
INSERT INTO item_ingredients (menu_id, item_id) VALUES ('38c4ae74-8bc8-4297-83b0-e43a4b8d668c', 'afc16878-c32b-4fc8-b955-94444c348369');
INSERT INTO item_ingredients (menu_id, item_id) VALUES ('38c4ae74-8bc8-4297-83b0-e43a4b8d668c', 'f6bd14f0-b507-4b7c-a766-1a190b586578');
INSERT INTO item_ingredients (menu_id, item_id) VALUES ('38c4ae74-8bc8-4297-83b0-e43a4b8d668c', '5813c681-8b58-4a37-b121-fc5b6d940ead');
INSERT INTO item_ingredients (menu_id, item_id) VALUES ('38c4ae74-8bc8-4297-83b0-e43a4b8d668c', '934696db-2121-49ce-9ba2-540e59c40a70');
INSERT INTO item_ingredients (menu_id, item_id) VALUES ('e31933f4-af17-4751-b2bd-275e67d3d855', '9626474a-f0d6-4b0f-9592-b579bd5fa6ee');
INSERT INTO item_ingredients (menu_id, item_id) VALUES ('e31933f4-af17-4751-b2bd-275e67d3d855', 'd40b8df5-4811-4f5f-aa78-53e19f321c9b');
INSERT INTO item_ingredients (menu_id, item_id) VALUES ('e31933f4-af17-4751-b2bd-275e67d3d855', '30891c56-8760-4ce5-883e-79b58240ad2f');
INSERT INTO item_ingredients (menu_id, item_id, type) VALUES ('96f33037-c3e9-4bd6-8765-bb316a252c56', 'df236df4-802b-48ed-af54-5b28fed12aaf', 'Desfiado');
INSERT INTO item_ingredients (menu_id, item_id) VALUES ('96f33037-c3e9-4bd6-8765-bb316a252c56', '84f99194-91d3-4153-8a2d-2f884c3e7ebe');
INSERT INTO item_ingredients (menu_id, item_id) VALUES ('96f33037-c3e9-4bd6-8765-bb316a252c56', 'afc16878-c32b-4fc8-b955-94444c348369');
INSERT INTO item_ingredients (menu_id, item_id) VALUES ('96f33037-c3e9-4bd6-8765-bb316a252c56', '3eba6cf0-95ff-4e56-9836-222e89a56abf');
INSERT INTO item_ingredients (menu_id, item_id) VALUES ('96f33037-c3e9-4bd6-8765-bb316a252c56', '0a1b9526-cbbf-498f-a32d-1fcdcf3c4dcf');
INSERT INTO item_ingredients (menu_id, item_id) VALUES ('96f33037-c3e9-4bd6-8765-bb316a252c56', 'cdc81470-06e6-43a8-9309-e16239727d3d');
INSERT INTO item_ingredients (menu_id, item_id) VALUES ('96f33037-c3e9-4bd6-8765-bb316a252c56', '6d09b687-b94c-4099-abae-bbe785917fd7');
INSERT INTO item_ingredients (menu_id, item_id) VALUES ('148e822d-037a-4148-a1c6-a7b685aa7f1f', '628fc4d7-a7ac-4302-b89a-fd84a8582717');
INSERT INTO item_ingredients (menu_id, item_id) VALUES ('148e822d-037a-4148-a1c6-a7b685aa7f1f', '30891c56-8760-4ce5-883e-79b58240ad2f');
INSERT INTO item_ingredients (menu_id, item_id) VALUES ('148e822d-037a-4148-a1c6-a7b685aa7f1f', '8f9515cd-0fa0-4c67-8078-54833afa5293');
INSERT INTO item_ingredients (menu_id, item_id) VALUES ('148e822d-037a-4148-a1c6-a7b685aa7f1f', 'edbab5e4-c4bf-405c-98fa-dc45b2504454');
INSERT INTO item_ingredients (menu_id, item_id) VALUES ('148e822d-037a-4148-a1c6-a7b685aa7f1f', '5813c681-8b58-4a37-b121-fc5b6d940ead');
INSERT INTO item_ingredients (menu_id, item_id) VALUES ('9051bea4-9e43-4ddb-b333-9d5c565383d6', '9626474a-f0d6-4b0f-9592-b579bd5fa6ee');
INSERT INTO item_ingredients (menu_id, item_id) VALUES ('9051bea4-9e43-4ddb-b333-9d5c565383d6', 'd40b8df5-4811-4f5f-aa78-53e19f321c9b');
INSERT INTO item_ingredients (menu_id, item_id) VALUES ('9051bea4-9e43-4ddb-b333-9d5c565383d6', '3c6e7ada-b5d5-4613-9f34-b0c6946f6b52');
INSERT INTO item_ingredients (menu_id, item_id) VALUES ('88de8c88-c892-493b-abd4-a5a03296f569', '9626474a-f0d6-4b0f-9592-b579bd5fa6ee');
INSERT INTO item_ingredients (menu_id, item_id) VALUES ('88de8c88-c892-493b-abd4-a5a03296f569', '3c6e7ada-b5d5-4613-9f34-b0c6946f6b52');
INSERT INTO item_ingredients (menu_id, item_id) VALUES ('88de8c88-c892-493b-abd4-a5a03296f569', '0a1b9526-cbbf-498f-a32d-1fcdcf3c4dcf');
INSERT INTO item_ingredients (menu_id, item_id) VALUES ('88de8c88-c892-493b-abd4-a5a03296f569', 'fde7b5e7-4a66-4854-bce1-2235981b411c');
INSERT INTO item_ingredients (menu_id, item_id) VALUES ('fc4dd342-8783-4cb1-b2f0-5dbd2004b4cc', '7cee5cc9-24cd-4e46-a63a-924b36e46b85');
INSERT INTO item_ingredients (menu_id, item_id) VALUES ('fc4dd342-8783-4cb1-b2f0-5dbd2004b4cc', '30891c56-8760-4ce5-883e-79b58240ad2f');
INSERT INTO item_ingredients (menu_id, item_id) VALUES ('fc4dd342-8783-4cb1-b2f0-5dbd2004b4cc', '0a1b9526-cbbf-498f-a32d-1fcdcf3c4dcf');
INSERT INTO item_ingredients (menu_id, item_id) VALUES ('fc4dd342-8783-4cb1-b2f0-5dbd2004b4cc', '628fc4d7-a7ac-4302-b89a-fd84a8582717');
INSERT INTO item_ingredients (menu_id, item_id) VALUES ('fc4dd342-8783-4cb1-b2f0-5dbd2004b4cc', 'fde7b5e7-4a66-4854-bce1-2235981b411c');
INSERT INTO item_ingredients (menu_id, item_id) VALUES ('00223961-8898-4707-b169-4c5480691f87', '7afef5cf-2b87-4b8f-bdcd-f1701544e995');
INSERT INTO item_ingredients (menu_id, item_id) VALUES ('00223961-8898-4707-b169-4c5480691f87', 'd40b8df5-4811-4f5f-aa78-53e19f321c9b');
INSERT INTO item_ingredients (menu_id, item_id) VALUES ('00223961-8898-4707-b169-4c5480691f87', '9626474a-f0d6-4b0f-9592-b579bd5fa6ee');
INSERT INTO item_ingredients (menu_id, item_id) VALUES ('00223961-8898-4707-b169-4c5480691f87', '3c6e7ada-b5d5-4613-9f34-b0c6946f6b52');
INSERT INTO item_ingredients (menu_id, item_id) VALUES ('1610d48d-95f7-4a8a-983d-f19aff8ed58d', '10354beb-6470-471a-a743-8e50493f570b');
INSERT INTO item_ingredients (menu_id, item_id) VALUES ('1610d48d-95f7-4a8a-983d-f19aff8ed58d', 'afc16878-c32b-4fc8-b955-94444c348369');
INSERT INTO item_ingredients (menu_id, item_id) VALUES ('1610d48d-95f7-4a8a-983d-f19aff8ed58d', '3c6e7ada-b5d5-4613-9f34-b0c6946f6b52');
INSERT INTO item_ingredients (menu_id, item_id) VALUES ('1610d48d-95f7-4a8a-983d-f19aff8ed58d', '445009cd-5a72-43f3-8137-0185948de15f');
INSERT INTO item_ingredients (menu_id, item_id) VALUES ('1610d48d-95f7-4a8a-983d-f19aff8ed58d', '3eba6cf0-95ff-4e56-9836-222e89a56abf');
INSERT INTO item_ingredients (menu_id, item_id) VALUES ('94e4c351-5b6c-4b18-99e2-2d379fb0f1a0', '3050f7f6-44ed-433a-81d0-168df40c39af');
INSERT INTO item_ingredients (menu_id, item_id) VALUES ('94e4c351-5b6c-4b18-99e2-2d379fb0f1a0', '30891c56-8760-4ce5-883e-79b58240ad2f');
INSERT INTO item_ingredients (menu_id, item_id) VALUES ('94e4c351-5b6c-4b18-99e2-2d379fb0f1a0', 'fde7b5e7-4a66-4854-bce1-2235981b411c');
INSERT INTO item_ingredients (menu_id, item_id) VALUES ('94e4c351-5b6c-4b18-99e2-2d379fb0f1a0', '8f9515cd-0fa0-4c67-8078-54833afa5293');
INSERT INTO item_ingredients (menu_id, item_id) VALUES ('7bca7d57-9c41-41d5-935f-3aa0a125969d', '1d22aa4e-c203-40ba-a861-f17848e54ba5');
INSERT INTO item_ingredients (menu_id, item_id) VALUES ('7bca7d57-9c41-41d5-935f-3aa0a125969d', '9626474a-f0d6-4b0f-9592-b579bd5fa6ee');
INSERT INTO item_ingredients (menu_id, item_id) VALUES ('7bca7d57-9c41-41d5-935f-3aa0a125969d', '3c6e7ada-b5d5-4613-9f34-b0c6946f6b52');
INSERT INTO item_ingredients (menu_id, item_id) VALUES ('7bca7d57-9c41-41d5-935f-3aa0a125969d', '8f9515cd-0fa0-4c67-8078-54833afa5293');
INSERT INTO items (_id, name, type) VALUES ('5fbf9e30-5271-46da-9f03-5e8d2c39acf4', 'Abóbora Italiana Cozida', 'Acompanhamento');
INSERT INTO items (_id, name, type) VALUES ('7aa33912-440d-4903-afda-ee4f2d4e6ffe', 'Abóbora Italiana Refogada', 'Acompanhamento');
INSERT INTO items (_id, name, type) VALUES ('55509363-ddd2-4bad-a229-160404cce645', 'Abóbora Italiana Salteada', 'Acompanhamento');
INSERT INTO items (_id, name, type) VALUES ('5779f32c-d93a-48f7-9567-dbfb1d5e4da1', 'Abóbora Japonesa Assada', 'Acompanhamento');
INSERT INTO items (_id, name, type) VALUES ('ab2d4a3d-ea27-45fc-b443-aa4d65d74a58', 'Abóbora Japonesa Refogada', 'Acompanhamento');
INSERT INTO items (_id, name, type) VALUES ('cfeed989-3ebd-4cae-a30d-dbdb73025e8e', 'Abóbora Moranga Assada', 'Acompanhamento');
INSERT INTO items (_id, name, type) VALUES ('30f99aed-be5b-491c-ade4-cbd4fecad21c', 'Abóbora Moranga Refogada', 'Acompanhamento');
INSERT INTO items (_id, name, type) VALUES ('d35d3d57-1e70-4b36-9031-44b8fd42aab5', 'Abóbrinha Cozida', 'Acompanhamento');
INSERT INTO items (_id, name, type) VALUES ('8bb8ceba-b7e7-48f2-9215-bd4b1731e63c', 'Abóbrinha Refogada', 'Acompanhamento');
INSERT INTO items (_id, name, type) VALUES ('7e48f6d9-499e-409e-80ed-4c94540b48a2', 'Abóbrinha Salteada', 'Acompanhamento');
INSERT INTO items (_id, name, type) VALUES ('5d044c33-e2b8-42c9-9060-989ce8ed6b58', 'Almeirão Refogado', 'Acompanhamento');
INSERT INTO items (_id, name, type) VALUES ('678a73e0-a684-4763-beb8-072777a76085', 'Banana Da Terra Cozida', 'Acompanhamento');
INSERT INTO items (_id, name, type) VALUES ('bfe60244-cc1f-4eb2-8bee-70110d74ea4a', 'Banana Da Terra Frita', 'Acompanhamento');
INSERT INTO items (_id, name, type) VALUES ('e02fea8a-1b96-4888-8575-71215b71e922', 'Baroa Cozida', 'Acompanhamento');
INSERT INTO items (_id, name, type) VALUES ('35707188-56aa-41b2-8a0b-673c21b24db2', 'Baroa Refogada', 'Acompanhamento');
INSERT INTO items (_id, name, type) VALUES ('22d52ffb-a383-458a-bda2-aad5a41dc87a', 'Batata Assada Com Bacon E Queijo', 'Acompanhamento');
INSERT INTO items (_id, name, type) VALUES ('a3f65ddd-4eb4-4657-bcf0-c67337b6a291', 'Batata Assada Com Ervas', 'Acompanhamento');
INSERT INTO items (_id, name, type) VALUES ('b731ab67-9b47-480d-a297-ff4627bae112', 'Batata Assada Com Presunto E Queijo', 'Acompanhamento');
INSERT INTO items (_id, name, type) VALUES ('18c357eb-814b-4a66-864d-bf5c68b752d8', 'Batata Chips', 'Acompanhamento');
INSERT INTO items (_id, name, type) VALUES ('09b5ebee-4614-4e69-9449-635488c5acff', 'Batata Corada', 'Acompanhamento');
INSERT INTO items (_id, name, type) VALUES ('e994bf49-c3af-4535-b1bd-f335387c9562', 'Batata Doce Cozida No Vapor', 'Acompanhamento');
INSERT INTO items (_id, name, type) VALUES ('86025a24-0dd5-41ed-84ec-e8a2b9196689', 'Batata Doce Slateada', 'Acompanhamento');
INSERT INTO items (_id, name, type) VALUES ('e20831a9-245d-4b1c-8902-a9da5463026e', 'Batata Em Palito Frita', 'Acompanhamento');
INSERT INTO items (_id, name, type) VALUES ('875d7dff-171c-42a2-b9e4-083c2b7826e0', 'Batata Gratinada', 'Acompanhamento');
INSERT INTO items (_id, name, type) VALUES ('feb66168-8daf-448e-833c-79955d03688b', 'Batata Palha ', 'Acompanhamento');
INSERT INTO items (_id, name, type) VALUES ('a2cf7239-0672-4884-96c2-c61d863d7625', 'Batata Recheada Assada', 'Acompanhamento');
INSERT INTO items (_id, name, type) VALUES ('aeaeab5e-aa25-465c-bac6-d4e66d63b48b', 'Batata Rost', 'Acompanhamento');
INSERT INTO items (_id, name, type) VALUES ('0883a8d2-dc04-481e-97e5-3a59622504d7', 'Batata Rústica     ', 'Acompanhamento');
INSERT INTO items (_id, name, type) VALUES ('8312b33a-546f-4591-91e1-b3d69a27da68', 'Batata Sauté', 'Acompanhamento');
INSERT INTO items (_id, name, type) VALUES ('25e74270-b044-4748-aafb-a785feb2e964', 'Batatas Ao Murro', 'Acompanhamento');
INSERT INTO items (_id, name, type) VALUES ('029299c1-5aec-48e7-afeb-8fb651217e6d', 'Batatinha Cozida', 'Acompanhamento');
INSERT INTO items (_id, name, type) VALUES ('bb1419a7-a8eb-4cd9-9f73-56f50d70e21c', 'Beringela Assada ', 'Acompanhamento');
INSERT INTO items (_id, name, type) VALUES ('cc10ce99-e212-4415-9f11-52b8db3433d2', 'Beringela Empanada E Frita', 'Acompanhamento');
INSERT INTO items (_id, name, type) VALUES ('ddb6362d-9aa8-48c5-a653-c5eff59ae128', 'Beringela Refogada', 'Acompanhamento');
INSERT INTO items (_id, name, type) VALUES ('8f300531-ca76-4642-bcf9-709424d5a9b7', 'Beterraba Cozida', 'Acompanhamento');
INSERT INTO items (_id, name, type) VALUES ('ced924b1-b6c5-4d0e-afe5-71ecda06c62e', 'Brócolis Cozido', 'Acompanhamento');
INSERT INTO items (_id, name, type) VALUES ('d5ef50c0-fe64-43b1-b3cb-a0125946eaeb', 'Brócolis Salteado', 'Acompanhamento');
INSERT INTO items (_id, name, type) VALUES ('4c4dee70-e63a-4b17-a42a-b09d2fa76d4b', 'Cenoura Cozida', 'Acompanhamento');
INSERT INTO items (_id, name, type) VALUES ('4daf1254-a71f-42c8-a09d-70864b9f2ae2', 'Chuchu Cozido', 'Acompanhamento');
INSERT INTO items (_id, name, type) VALUES ('915e3071-efca-437d-986c-0fe35936c94d', 'Chuchu Refogado', 'Acompanhamento');
INSERT INTO items (_id, name, type) VALUES ('8c6aa245-7778-4e86-9cce-d85779441db7', 'Couve Flor Gratinada', 'Acompanhamento');
INSERT INTO items (_id, name, type) VALUES ('0adfd1ab-3b9e-42d1-a41d-f1b0ade08041', 'Couve Flor No Vapor', 'Acompanhamento');
INSERT INTO items (_id, name, type) VALUES ('522d82e1-5b5f-4737-b63e-acb40159a210', 'Couve Refogada', 'Acompanhamento');
INSERT INTO items (_id, name, type) VALUES ('af8d7a8a-b0d2-439e-a89c-44e0326371c3', 'Espaguete De Abobrinha', 'Acompanhamento');
INSERT INTO items (_id, name, type) VALUES ('25f94e39-6256-44e9-b067-0c78a4d898cb', 'Espinafe Refogado', 'Acompanhamento');
INSERT INTO items (_id, name, type) VALUES ('b83e8ecf-0dd0-4934-b6d3-71b96ccea34f', 'Inhame Cozido', 'Acompanhamento');
INSERT INTO items (_id, name, type) VALUES ('c99f5519-717c-4e45-b0cd-9fb094f9c04d', 'Inhame Refogado', 'Acompanhamento');
INSERT INTO items (_id, name, type) VALUES ('04da70af-8f44-476a-90ee-3ad13c90cbc2', 'Jardineira De Legumes ', 'Acompanhamento');
INSERT INTO items (_id, name, type) VALUES ('ba3ae0a5-675e-470e-9390-debac3de8064', 'Jiló Refogado', 'Acompanhamento');
INSERT INTO items (_id, name, type) VALUES ('d5ffaca6-0a9d-4b8c-a065-df2b23f91c36', 'Madioca Cozida', 'Acompanhamento');
INSERT INTO items (_id, name, type) VALUES ('4984d18e-d4a4-43c4-9b95-af86ea3f3746', 'Madioca Salteada', 'Acompanhamento');
INSERT INTO items (_id, name, type) VALUES ('7e97b02b-c7d2-4cb5-bb77-bc7c00f16d09', 'Maionese', 'Acompanhamento');
INSERT INTO items (_id, name, type) VALUES ('7d9481da-19bc-4391-be81-abdeb0b46498', 'Mandioca Frita', 'Acompanhamento');
INSERT INTO items (_id, name, type) VALUES ('00d797be-8019-4fd3-b429-d76b7c4eeaab', 'Milho Cozido ', 'Acompanhamento');
INSERT INTO items (_id, name, type) VALUES ('da06eaed-74b0-4f9a-9031-13a4e63d65a7', 'Purê De Abóbora Japonesa', 'Acompanhamento');
INSERT INTO items (_id, name, type) VALUES ('43c82ced-d9fc-46dc-aa86-cbc5ea678c19', 'Purê De Banana Da Terra', 'Acompanhamento');
INSERT INTO items (_id, name, type) VALUES ('143e83ca-26f3-4fb2-bb88-09fa51e9d79a', 'Pure De Baroa', 'Acompanhamento');
INSERT INTO items (_id, name, type) VALUES ('a18024ad-336a-4a95-b9d9-3763dd1bc76a', 'Pure De Batata', 'Acompanhamento');
INSERT INTO items (_id, name, type) VALUES ('9490f51b-2153-4d0d-a5e4-49f7f5989636', 'Purê De Inhame', 'Acompanhamento');
INSERT INTO items (_id, name, type) VALUES ('1564c9c7-8493-4739-bfc1-679bd1428251', 'Purê De Mandioca', 'Acompanhamento');
INSERT INTO items (_id, name, type) VALUES ('892cf9ef-79b2-4584-bc5e-106221b8ad7c', 'Quiabo Assado ', 'Acompanhamento');
INSERT INTO items (_id, name, type) VALUES ('52cf26da-db74-4130-9637-d7721fbf09e3', 'Quiabo Refogado', 'Acompanhamento');
INSERT INTO items (_id, name, type) VALUES ('3be0db23-6707-4939-bc84-c8e10946c819', 'Repolho Refogado', 'Acompanhamento');
INSERT INTO items (_id, name, type) VALUES ('a3efd07a-ae35-40fa-9602-c691582f2c30', 'Salada De Batata E Maionese', 'Acompanhamento');
INSERT INTO items (_id, name, type) VALUES ('444cff0d-f2ac-4a6a-8270-fe16d3cf1454', 'Seleta De Legumes No Vapor', 'Acompanhamento');
INSERT INTO items (_id, name, type) VALUES ('48e2f67b-12a8-4285-9e52-dfbfbf7ff5ea', 'Suflê De Chuchu', 'Acompanhamento');
INSERT INTO items (_id, name, type) VALUES ('737e25ef-519c-429b-9121-a065b57f481a', 'Taioba Refogada', 'Acompanhamento');
INSERT INTO items (_id, name, type) VALUES ('05244607-e996-4886-bca5-99a332cb9d78', 'Vagem Com Ovos', 'Acompanhamento');
INSERT INTO items (_id, name, type) VALUES ('b7fad488-0eea-4e34-849b-8e380e4b28c9', 'Vagem Cozida', 'Acompanhamento');
INSERT INTO items (_id, name, type) VALUES ('2527ce3d-796a-49f0-b9a5-fbfb08fd1453', 'Vagem Refogada', 'Acompanhamento');
INSERT INTO items (_id, name, type) VALUES ('82852de2-48a6-413a-91a0-238e80817926', 'Arroz Com Lentilha', 'Acompanhamento');
INSERT INTO items (_id, name, type) VALUES ('43da3f71-ce22-4ee5-8af8-fd95faf6e84b', 'Cuscuz', 'Acompanhamento');
INSERT INTO items (_id, name, type) VALUES ('0484e1db-51ca-4567-9a9c-2d153bfa7e12', 'Fettuccine cremoso', 'Acompanhamento');
INSERT INTO items (_id, name, type) VALUES ('d6314fc1-0bf1-48c1-8de5-ebb7cd6d8118', 'Acelga refogada', 'Acompanhamento');
INSERT INTO items (_id, name, type) VALUES ('830e23bd-4682-4d3f-ad9a-3a80c749468a', 'Espaguete com molho vermelho e manjericão;', 'Acompanhamento');
INSERT INTO items (_id, name, type) VALUES ('923657d0-dad8-4c50-ba55-0b61accbb756', 'Beringela recheada', 'Acompanhamento');
INSERT INTO items (_id, name, type) VALUES ('ce7988d3-11d9-471e-b4a1-adea80fc8df2', 'Tomates assados recheados com queijo', 'Acompanhamento');
INSERT INTO items (_id, name, type) VALUES ('3656f0fc-4319-4a95-9a1c-d934f514438d', 'Ratatouille', 'Acompanhamento');
INSERT INTO items (_id, name, type) VALUES ('3554ffe8-e31f-4127-b611-33de6ee2d7cd', 'Risoto rápido', 'Acompanhamento');
INSERT INTO items (_id, name, type) VALUES ('3eb36e0d-a2fc-4f8c-bafe-ffaad18b3e4c', 'Pirão de peixe', 'Acompanhamento');
INSERT INTO item_ingredients (menu_id, item_id) VALUES ('5fbf9e30-5271-46da-9f03-5e8d2c39acf4', '25a22643-7118-4732-9748-7d75fc7e4368');
INSERT INTO item_ingredients (menu_id, item_id) VALUES ('7aa33912-440d-4903-afda-ee4f2d4e6ffe', '25a22643-7118-4732-9748-7d75fc7e4368');
INSERT INTO item_ingredients (menu_id, item_id) VALUES ('7aa33912-440d-4903-afda-ee4f2d4e6ffe', '3eba6cf0-95ff-4e56-9836-222e89a56abf');
INSERT INTO item_ingredients (menu_id, item_id) VALUES ('55509363-ddd2-4bad-a229-160404cce645', '25a22643-7118-4732-9748-7d75fc7e4368');
INSERT INTO item_ingredients (menu_id, item_id) VALUES ('55509363-ddd2-4bad-a229-160404cce645', '18ff1847-f077-4e8a-96cc-d329d31876e8');
INSERT INTO item_ingredients (menu_id, item_id) VALUES ('5779f32c-d93a-48f7-9567-dbfb1d5e4da1', '57dd2083-c6c1-4440-94e9-d36a108b2522');
INSERT INTO item_ingredients (menu_id, item_id) VALUES ('ab2d4a3d-ea27-45fc-b443-aa4d65d74a58', '57dd2083-c6c1-4440-94e9-d36a108b2522');
INSERT INTO item_ingredients (menu_id, item_id) VALUES ('ab2d4a3d-ea27-45fc-b443-aa4d65d74a58', '3eba6cf0-95ff-4e56-9836-222e89a56abf');
INSERT INTO item_ingredients (menu_id, item_id) VALUES ('cfeed989-3ebd-4cae-a30d-dbdb73025e8e', '8a423c54-f713-4c72-8c31-0e4c08dd9bcd');
INSERT INTO item_ingredients (menu_id, item_id) VALUES ('30f99aed-be5b-491c-ade4-cbd4fecad21c', '8a423c54-f713-4c72-8c31-0e4c08dd9bcd');
INSERT INTO item_ingredients (menu_id, item_id) VALUES ('30f99aed-be5b-491c-ade4-cbd4fecad21c', '3eba6cf0-95ff-4e56-9836-222e89a56abf');
INSERT INTO item_ingredients (menu_id, item_id) VALUES ('d35d3d57-1e70-4b36-9031-44b8fd42aab5', '3050f7f6-44ed-433a-81d0-168df40c39af');
INSERT INTO item_ingredients (menu_id, item_id) VALUES ('8bb8ceba-b7e7-48f2-9215-bd4b1731e63c', '3050f7f6-44ed-433a-81d0-168df40c39af');
INSERT INTO item_ingredients (menu_id, item_id) VALUES ('8bb8ceba-b7e7-48f2-9215-bd4b1731e63c', '3eba6cf0-95ff-4e56-9836-222e89a56abf');
INSERT INTO item_ingredients (menu_id, item_id) VALUES ('7e48f6d9-499e-409e-80ed-4c94540b48a2', '3050f7f6-44ed-433a-81d0-168df40c39af');
INSERT INTO item_ingredients (menu_id, item_id) VALUES ('7e48f6d9-499e-409e-80ed-4c94540b48a2', '18ff1847-f077-4e8a-96cc-d329d31876e8');
INSERT INTO item_ingredients (menu_id, item_id) VALUES ('5d044c33-e2b8-42c9-9060-989ce8ed6b58', '8b3dc5fd-fc80-43c0-b230-43408ea53373');
INSERT INTO item_ingredients (menu_id, item_id) VALUES ('5d044c33-e2b8-42c9-9060-989ce8ed6b58', '3eba6cf0-95ff-4e56-9836-222e89a56abf');
INSERT INTO item_ingredients (menu_id, item_id) VALUES ('678a73e0-a684-4763-beb8-072777a76085', 'f1abc9c9-0e78-4432-a0ae-5f227c190784');
INSERT INTO item_ingredients (menu_id, item_id) VALUES ('bfe60244-cc1f-4eb2-8bee-70110d74ea4a', 'f1abc9c9-0e78-4432-a0ae-5f227c190784');
INSERT INTO item_ingredients (menu_id, item_id) VALUES ('e02fea8a-1b96-4888-8575-71215b71e922', 'd1f99d09-4fa4-4e30-a1ae-5e8696398a04');
INSERT INTO item_ingredients (menu_id, item_id) VALUES ('35707188-56aa-41b2-8a0b-673c21b24db2', 'd1f99d09-4fa4-4e30-a1ae-5e8696398a04');
INSERT INTO item_ingredients (menu_id, item_id) VALUES ('35707188-56aa-41b2-8a0b-673c21b24db2', '3eba6cf0-95ff-4e56-9836-222e89a56abf');
INSERT INTO item_ingredients (menu_id, item_id) VALUES ('22d52ffb-a383-458a-bda2-aad5a41dc87a', '1eb4f81b-a514-4a0e-b26b-3082d49d8d30');
INSERT INTO item_ingredients (menu_id, item_id) VALUES ('22d52ffb-a383-458a-bda2-aad5a41dc87a', '44115609-e026-42fa-aaea-9f317d547c93');
INSERT INTO item_ingredients (menu_id, item_id) VALUES ('22d52ffb-a383-458a-bda2-aad5a41dc87a', 'b5b90f6f-d201-4631-985f-7acc4a1b1fc3');
INSERT INTO item_ingredients (menu_id, item_id) VALUES ('a3f65ddd-4eb4-4657-bcf0-c67337b6a291', '1eb4f81b-a514-4a0e-b26b-3082d49d8d30');
INSERT INTO item_ingredients (menu_id, item_id) VALUES ('a3f65ddd-4eb4-4657-bcf0-c67337b6a291', '3c6e7ada-b5d5-4613-9f34-b0c6946f6b52');
INSERT INTO item_ingredients (menu_id, item_id) VALUES ('a3f65ddd-4eb4-4657-bcf0-c67337b6a291', '8f9c3efd-8f45-41b7-962e-9970f25e90f0');
INSERT INTO item_ingredients (menu_id, item_id) VALUES ('b731ab67-9b47-480d-a297-ff4627bae112', '1eb4f81b-a514-4a0e-b26b-3082d49d8d30');
INSERT INTO item_ingredients (menu_id, item_id) VALUES ('b731ab67-9b47-480d-a297-ff4627bae112', '44115609-e026-42fa-aaea-9f317d547c93');
INSERT INTO item_ingredients (menu_id, item_id) VALUES ('b731ab67-9b47-480d-a297-ff4627bae112', 'b09c6b03-90ef-4586-9205-ea285e402624');
INSERT INTO item_ingredients (menu_id, item_id) VALUES ('18c357eb-814b-4a66-864d-bf5c68b752d8', '1eb4f81b-a514-4a0e-b26b-3082d49d8d30');
INSERT INTO item_ingredients (menu_id, item_id) VALUES ('09b5ebee-4614-4e69-9449-635488c5acff', '08155da5-5414-4619-a43b-04eb1bf1f91c');
INSERT INTO item_ingredients (menu_id, item_id) VALUES ('e994bf49-c3af-4535-b1bd-f335387c9562', 'c78e32a9-ef50-44e9-a182-468147bf5f89');
INSERT INTO item_ingredients (menu_id, item_id) VALUES ('86025a24-0dd5-41ed-84ec-e8a2b9196689', '08155da5-5414-4619-a43b-04eb1bf1f91c');
INSERT INTO item_ingredients (menu_id, item_id) VALUES ('86025a24-0dd5-41ed-84ec-e8a2b9196689', '18ff1847-f077-4e8a-96cc-d329d31876e8');
INSERT INTO item_ingredients (menu_id, item_id) VALUES ('e20831a9-245d-4b1c-8902-a9da5463026e', '1eb4f81b-a514-4a0e-b26b-3082d49d8d30');
INSERT INTO item_ingredients (menu_id, item_id) VALUES ('875d7dff-171c-42a2-b9e4-083c2b7826e0', '1eb4f81b-a514-4a0e-b26b-3082d49d8d30');
INSERT INTO item_ingredients (menu_id, item_id) VALUES ('875d7dff-171c-42a2-b9e4-083c2b7826e0', '3c6e7ada-b5d5-4613-9f34-b0c6946f6b52');
INSERT INTO item_ingredients (menu_id, item_id) VALUES ('875d7dff-171c-42a2-b9e4-083c2b7826e0', '44115609-e026-42fa-aaea-9f317d547c93');
INSERT INTO item_ingredients (menu_id, item_id) VALUES ('a2cf7239-0672-4884-96c2-c61d863d7625', '1eb4f81b-a514-4a0e-b26b-3082d49d8d30');
INSERT INTO item_ingredients (menu_id, item_id) VALUES ('a2cf7239-0672-4884-96c2-c61d863d7625', '3c6e7ada-b5d5-4613-9f34-b0c6946f6b52');
INSERT INTO item_ingredients (menu_id, item_id) VALUES ('a2cf7239-0672-4884-96c2-c61d863d7625', '0a1b9526-cbbf-498f-a32d-1fcdcf3c4dcf');
INSERT INTO item_ingredients (menu_id, item_id) VALUES ('a2cf7239-0672-4884-96c2-c61d863d7625', 'f6bd14f0-b507-4b7c-a766-1a190b586578');
INSERT INTO item_ingredients (menu_id, item_id) VALUES ('a2cf7239-0672-4884-96c2-c61d863d7625', 'b550e9bc-568f-489b-b5a5-31e8c4064fe2');
INSERT INTO item_ingredients (menu_id, item_id) VALUES ('a2cf7239-0672-4884-96c2-c61d863d7625', '17c13193-86af-493a-8789-5e3465cb3f7f');
INSERT INTO item_ingredients (menu_id, item_id) VALUES ('a2cf7239-0672-4884-96c2-c61d863d7625', 'b5b90f6f-d201-4631-985f-7acc4a1b1fc3');
INSERT INTO item_ingredients (menu_id, item_id) VALUES ('a2cf7239-0672-4884-96c2-c61d863d7625', '7323e54e-bb37-41a0-ba65-0c54c7d597c6');
INSERT INTO item_ingredients (menu_id, item_id) VALUES ('aeaeab5e-aa25-465c-bac6-d4e66d63b48b', '1eb4f81b-a514-4a0e-b26b-3082d49d8d30');
INSERT INTO item_ingredients (menu_id, item_id) VALUES ('aeaeab5e-aa25-465c-bac6-d4e66d63b48b', 'c39ee5a7-a182-41cb-bcd2-2eb00cd06fce');
INSERT INTO item_ingredients (menu_id, item_id) VALUES ('0883a8d2-dc04-481e-97e5-3a59622504d7', 'e8c3076f-a443-4b2c-8d85-688330468234');
INSERT INTO item_ingredients (menu_id, item_id) VALUES ('8312b33a-546f-4591-91e1-b3d69a27da68', '08155da5-5414-4619-a43b-04eb1bf1f91c');
INSERT INTO item_ingredients (menu_id, item_id) VALUES ('8312b33a-546f-4591-91e1-b3d69a27da68', 'f6bd14f0-b507-4b7c-a766-1a190b586578');
INSERT INTO item_ingredients (menu_id, item_id) VALUES ('8312b33a-546f-4591-91e1-b3d69a27da68', '0a1b9526-cbbf-498f-a32d-1fcdcf3c4dcf');
INSERT INTO item_ingredients (menu_id, item_id) VALUES ('8312b33a-546f-4591-91e1-b3d69a27da68', '18ff1847-f077-4e8a-96cc-d329d31876e8');
INSERT INTO item_ingredients (menu_id, item_id) VALUES ('25e74270-b044-4748-aafb-a785feb2e964', '1eb4f81b-a514-4a0e-b26b-3082d49d8d30');
INSERT INTO item_ingredients (menu_id, item_id) VALUES ('25e74270-b044-4748-aafb-a785feb2e964', '73ff3a29-9aee-4ec2-a55d-34f0ec43b439');
INSERT INTO item_ingredients (menu_id, item_id) VALUES ('029299c1-5aec-48e7-afeb-8fb651217e6d', '08155da5-5414-4619-a43b-04eb1bf1f91c');
INSERT INTO item_ingredients (menu_id, item_id) VALUES ('bb1419a7-a8eb-4cd9-9f73-56f50d70e21c', 'fc1a4e48-0109-4136-a3b8-477b04a02d32');
INSERT INTO item_ingredients (menu_id, item_id) VALUES ('cc10ce99-e212-4415-9f11-52b8db3433d2', 'fc1a4e48-0109-4136-a3b8-477b04a02d32');
INSERT INTO item_ingredients (menu_id, item_id) VALUES ('ddb6362d-9aa8-48c5-a653-c5eff59ae128', 'fc1a4e48-0109-4136-a3b8-477b04a02d32');
INSERT INTO item_ingredients (menu_id, item_id) VALUES ('ddb6362d-9aa8-48c5-a653-c5eff59ae128', '3eba6cf0-95ff-4e56-9836-222e89a56abf');
INSERT INTO item_ingredients (menu_id, item_id) VALUES ('ddb6362d-9aa8-48c5-a653-c5eff59ae128', '3c6e7ada-b5d5-4613-9f34-b0c6946f6b52');
INSERT INTO item_ingredients (menu_id, item_id) VALUES ('8f300531-ca76-4642-bcf9-709424d5a9b7', '0b7ef6e4-7e82-4719-b3d0-ee24aa9017d6');
INSERT INTO item_ingredients (menu_id, item_id) VALUES ('ced924b1-b6c5-4d0e-afe5-71ecda06c62e', '00d265c2-83af-499c-ab1b-8045c62d7f9d');
INSERT INTO item_ingredients (menu_id, item_id) VALUES ('d5ef50c0-fe64-43b1-b3cb-a0125946eaeb', '00d265c2-83af-499c-ab1b-8045c62d7f9d');
INSERT INTO item_ingredients (menu_id, item_id) VALUES ('d5ef50c0-fe64-43b1-b3cb-a0125946eaeb', '3eba6cf0-95ff-4e56-9836-222e89a56abf');
INSERT INTO item_ingredients (menu_id, item_id) VALUES ('d5ef50c0-fe64-43b1-b3cb-a0125946eaeb', '18ff1847-f077-4e8a-96cc-d329d31876e8');
INSERT INTO item_ingredients (menu_id, item_id) VALUES ('4c4dee70-e63a-4b17-a42a-b09d2fa76d4b', 'afc16878-c32b-4fc8-b955-94444c348369');
INSERT INTO item_ingredients (menu_id, item_id) VALUES ('4daf1254-a71f-42c8-a09d-70864b9f2ae2', 'ef40c54f-9323-4ab0-81f5-e461ed917a59');
INSERT INTO item_ingredients (menu_id, item_id) VALUES ('915e3071-efca-437d-986c-0fe35936c94d', 'ef40c54f-9323-4ab0-81f5-e461ed917a59');
INSERT INTO item_ingredients (menu_id, item_id) VALUES ('915e3071-efca-437d-986c-0fe35936c94d', '3eba6cf0-95ff-4e56-9836-222e89a56abf');
INSERT INTO item_ingredients (menu_id, item_id) VALUES ('8c6aa245-7778-4e86-9cce-d85779441db7', 'b6631adb-9c57-46d4-866c-13e8d6433909');
INSERT INTO item_ingredients (menu_id, item_id) VALUES ('8c6aa245-7778-4e86-9cce-d85779441db7', '3c6e7ada-b5d5-4613-9f34-b0c6946f6b52');
INSERT INTO item_ingredients (menu_id, item_id) VALUES ('8c6aa245-7778-4e86-9cce-d85779441db7', '7323e54e-bb37-41a0-ba65-0c54c7d597c6');
INSERT INTO item_ingredients (menu_id, item_id) VALUES ('8c6aa245-7778-4e86-9cce-d85779441db7', '18ff1847-f077-4e8a-96cc-d329d31876e8');
INSERT INTO item_ingredients (menu_id, item_id) VALUES ('0adfd1ab-3b9e-42d1-a41d-f1b0ade08041', 'b6631adb-9c57-46d4-866c-13e8d6433909');
INSERT INTO item_ingredients (menu_id, item_id) VALUES ('522d82e1-5b5f-4737-b63e-acb40159a210', '23c1455c-2693-4336-bcd5-cb571e2f3489');
INSERT INTO item_ingredients (menu_id, item_id) VALUES ('522d82e1-5b5f-4737-b63e-acb40159a210', '3eba6cf0-95ff-4e56-9836-222e89a56abf');
INSERT INTO item_ingredients (menu_id, item_id) VALUES ('af8d7a8a-b0d2-439e-a89c-44e0326371c3', '3050f7f6-44ed-433a-81d0-168df40c39af');
INSERT INTO item_ingredients (menu_id, item_id) VALUES ('25f94e39-6256-44e9-b067-0c78a4d898cb', '2abf193b-f4a0-4155-a469-6a67e0560c90');
INSERT INTO item_ingredients (menu_id, item_id) VALUES ('25f94e39-6256-44e9-b067-0c78a4d898cb', '3eba6cf0-95ff-4e56-9836-222e89a56abf');
INSERT INTO item_ingredients (menu_id, item_id) VALUES ('b83e8ecf-0dd0-4934-b6d3-71b96ccea34f', '7ef32e0b-fd90-4d0f-a5b1-4321ca9cd49c');
INSERT INTO item_ingredients (menu_id, item_id) VALUES ('c99f5519-717c-4e45-b0cd-9fb094f9c04d', '7ef32e0b-fd90-4d0f-a5b1-4321ca9cd49c');
INSERT INTO item_ingredients (menu_id, item_id) VALUES ('c99f5519-717c-4e45-b0cd-9fb094f9c04d', '3eba6cf0-95ff-4e56-9836-222e89a56abf');
INSERT INTO item_ingredients (menu_id, item_id) VALUES ('04da70af-8f44-476a-90ee-3ad13c90cbc2', '3050f7f6-44ed-433a-81d0-168df40c39af');
INSERT INTO item_ingredients (menu_id, item_id) VALUES ('04da70af-8f44-476a-90ee-3ad13c90cbc2', 'ef40c54f-9323-4ab0-81f5-e461ed917a59');
INSERT INTO item_ingredients (menu_id, item_id) VALUES ('04da70af-8f44-476a-90ee-3ad13c90cbc2', 'afc16878-c32b-4fc8-b955-94444c348369');
INSERT INTO item_ingredients (menu_id, item_id) VALUES ('04da70af-8f44-476a-90ee-3ad13c90cbc2', '3c6e7ada-b5d5-4613-9f34-b0c6946f6b52');
INSERT INTO item_ingredients (menu_id, item_id) VALUES ('04da70af-8f44-476a-90ee-3ad13c90cbc2', '3eba6cf0-95ff-4e56-9836-222e89a56abf');
INSERT INTO item_ingredients (menu_id, item_id) VALUES ('04da70af-8f44-476a-90ee-3ad13c90cbc2', '6d09b687-b94c-4099-abae-bbe785917fd7');
INSERT INTO item_ingredients (menu_id, item_id) VALUES ('ba3ae0a5-675e-470e-9390-debac3de8064', 'c110eaf8-9358-4492-a231-553ea31d9d8d');
INSERT INTO item_ingredients (menu_id, item_id) VALUES ('ba3ae0a5-675e-470e-9390-debac3de8064', '3eba6cf0-95ff-4e56-9836-222e89a56abf');
INSERT INTO item_ingredients (menu_id, item_id) VALUES ('d5ffaca6-0a9d-4b8c-a065-df2b23f91c36', '01617b41-ab53-43f2-a4eb-f82f4245e692');
INSERT INTO item_ingredients (menu_id, item_id) VALUES ('4984d18e-d4a4-43c4-9b95-af86ea3f3746', '01617b41-ab53-43f2-a4eb-f82f4245e692');
INSERT INTO item_ingredients (menu_id, item_id) VALUES ('4984d18e-d4a4-43c4-9b95-af86ea3f3746', '3eba6cf0-95ff-4e56-9836-222e89a56abf');
INSERT INTO item_ingredients (menu_id, item_id) VALUES ('4984d18e-d4a4-43c4-9b95-af86ea3f3746', 'f6bd14f0-b507-4b7c-a766-1a190b586578');
INSERT INTO item_ingredients (menu_id, item_id) VALUES ('4984d18e-d4a4-43c4-9b95-af86ea3f3746', '0a1b9526-cbbf-498f-a32d-1fcdcf3c4dcf');
INSERT INTO item_ingredients (menu_id, item_id) VALUES ('4984d18e-d4a4-43c4-9b95-af86ea3f3746', '18ff1847-f077-4e8a-96cc-d329d31876e8');
INSERT INTO item_ingredients (menu_id, item_id) VALUES ('7e97b02b-c7d2-4cb5-bb77-bc7c00f16d09', '1eb4f81b-a514-4a0e-b26b-3082d49d8d30');
INSERT INTO item_ingredients (menu_id, item_id) VALUES ('7e97b02b-c7d2-4cb5-bb77-bc7c00f16d09', 'afc16878-c32b-4fc8-b955-94444c348369');
INSERT INTO item_ingredients (menu_id, item_id) VALUES ('7e97b02b-c7d2-4cb5-bb77-bc7c00f16d09', 'ef40c54f-9323-4ab0-81f5-e461ed917a59');
INSERT INTO item_ingredients (menu_id, item_id) VALUES ('7e97b02b-c7d2-4cb5-bb77-bc7c00f16d09', 'f4b12a95-fc71-4719-8e9c-1664b275535d');
INSERT INTO item_ingredients (menu_id, item_id) VALUES ('7e97b02b-c7d2-4cb5-bb77-bc7c00f16d09', 'f6bd14f0-b507-4b7c-a766-1a190b586578');
INSERT INTO item_ingredients (menu_id, item_id) VALUES ('7d9481da-19bc-4391-be81-abdeb0b46498', '01617b41-ab53-43f2-a4eb-f82f4245e692');
INSERT INTO item_ingredients (menu_id, item_id) VALUES ('00d797be-8019-4fd3-b429-d76b7c4eeaab', 'a9febf06-cf4b-4fb9-b41c-d2388e51d080');
INSERT INTO item_ingredients (menu_id, item_id) VALUES ('da06eaed-74b0-4f9a-9031-13a4e63d65a7', '57dd2083-c6c1-4440-94e9-d36a108b2522');
INSERT INTO item_ingredients (menu_id, item_id) VALUES ('da06eaed-74b0-4f9a-9031-13a4e63d65a7', '73ff3a29-9aee-4ec2-a55d-34f0ec43b439');
INSERT INTO item_ingredients (menu_id, item_id) VALUES ('43c82ced-d9fc-46dc-aa86-cbc5ea678c19', 'f1abc9c9-0e78-4432-a0ae-5f227c190784');
INSERT INTO item_ingredients (menu_id, item_id) VALUES ('43c82ced-d9fc-46dc-aa86-cbc5ea678c19', '3c6e7ada-b5d5-4613-9f34-b0c6946f6b52');
INSERT INTO item_ingredients (menu_id, item_id) VALUES ('43c82ced-d9fc-46dc-aa86-cbc5ea678c19', 'fde7b5e7-4a66-4854-bce1-2235981b411c');
INSERT INTO item_ingredients (menu_id, item_id) VALUES ('43c82ced-d9fc-46dc-aa86-cbc5ea678c19', '18ff1847-f077-4e8a-96cc-d329d31876e8');
INSERT INTO item_ingredients (menu_id, item_id) VALUES ('143e83ca-26f3-4fb2-bb88-09fa51e9d79a', 'd1f99d09-4fa4-4e30-a1ae-5e8696398a04');
INSERT INTO item_ingredients (menu_id, item_id) VALUES ('143e83ca-26f3-4fb2-bb88-09fa51e9d79a', '18ff1847-f077-4e8a-96cc-d329d31876e8');
INSERT INTO item_ingredients (menu_id, item_id) VALUES ('a18024ad-336a-4a95-b9d9-3763dd1bc76a', '1eb4f81b-a514-4a0e-b26b-3082d49d8d30');
INSERT INTO item_ingredients (menu_id, item_id) VALUES ('a18024ad-336a-4a95-b9d9-3763dd1bc76a', '18ff1847-f077-4e8a-96cc-d329d31876e8');
INSERT INTO item_ingredients (menu_id, item_id) VALUES ('9490f51b-2153-4d0d-a5e4-49f7f5989636', '7ef32e0b-fd90-4d0f-a5b1-4321ca9cd49c');
INSERT INTO item_ingredients (menu_id, item_id) VALUES ('9490f51b-2153-4d0d-a5e4-49f7f5989636', '3eba6cf0-95ff-4e56-9836-222e89a56abf');
INSERT INTO item_ingredients (menu_id, item_id) VALUES ('9490f51b-2153-4d0d-a5e4-49f7f5989636', '18ff1847-f077-4e8a-96cc-d329d31876e8');
INSERT INTO item_ingredients (menu_id, item_id) VALUES ('1564c9c7-8493-4739-bfc1-679bd1428251', '01617b41-ab53-43f2-a4eb-f82f4245e692');
INSERT INTO item_ingredients (menu_id, item_id) VALUES ('1564c9c7-8493-4739-bfc1-679bd1428251', '18ff1847-f077-4e8a-96cc-d329d31876e8');
INSERT INTO item_ingredients (menu_id, item_id) VALUES ('892cf9ef-79b2-4584-bc5e-106221b8ad7c', '289e48b1-2069-4e40-bceb-68697cd5a46a');
INSERT INTO item_ingredients (menu_id, item_id) VALUES ('52cf26da-db74-4130-9637-d7721fbf09e3', '289e48b1-2069-4e40-bceb-68697cd5a46a');
INSERT INTO item_ingredients (menu_id, item_id) VALUES ('52cf26da-db74-4130-9637-d7721fbf09e3', '3eba6cf0-95ff-4e56-9836-222e89a56abf');
INSERT INTO item_ingredients (menu_id, item_id) VALUES ('52cf26da-db74-4130-9637-d7721fbf09e3', '9626474a-f0d6-4b0f-9592-b579bd5fa6ee');
INSERT INTO item_ingredients (menu_id, item_id) VALUES ('3be0db23-6707-4939-bc84-c8e10946c819', '84f99194-91d3-4153-8a2d-2f884c3e7ebe');
INSERT INTO item_ingredients (menu_id, item_id) VALUES ('3be0db23-6707-4939-bc84-c8e10946c819', '3eba6cf0-95ff-4e56-9836-222e89a56abf');
INSERT INTO item_ingredients (menu_id, item_id) VALUES ('a3efd07a-ae35-40fa-9602-c691582f2c30', '1eb4f81b-a514-4a0e-b26b-3082d49d8d30');
INSERT INTO item_ingredients (menu_id, item_id) VALUES ('a3efd07a-ae35-40fa-9602-c691582f2c30', 'f6bd14f0-b507-4b7c-a766-1a190b586578');
INSERT INTO item_ingredients (menu_id, item_id) VALUES ('a3efd07a-ae35-40fa-9602-c691582f2c30', '0a1b9526-cbbf-498f-a32d-1fcdcf3c4dcf');
INSERT INTO item_ingredients (menu_id, item_id) VALUES ('444cff0d-f2ac-4a6a-8270-fe16d3cf1454', 'afc16878-c32b-4fc8-b955-94444c348369');
INSERT INTO item_ingredients (menu_id, item_id) VALUES ('444cff0d-f2ac-4a6a-8270-fe16d3cf1454', 'f4b12a95-fc71-4719-8e9c-1664b275535d');
INSERT INTO item_ingredients (menu_id, item_id) VALUES ('444cff0d-f2ac-4a6a-8270-fe16d3cf1454', '1eb4f81b-a514-4a0e-b26b-3082d49d8d30');
INSERT INTO item_ingredients (menu_id, item_id) VALUES ('444cff0d-f2ac-4a6a-8270-fe16d3cf1454', 'ef40c54f-9323-4ab0-81f5-e461ed917a59');
INSERT INTO item_ingredients (menu_id, item_id) VALUES ('444cff0d-f2ac-4a6a-8270-fe16d3cf1454', 'f6bd14f0-b507-4b7c-a766-1a190b586578');
INSERT INTO item_ingredients (menu_id, item_id) VALUES ('48e2f67b-12a8-4285-9e52-dfbfbf7ff5ea', 'ef40c54f-9323-4ab0-81f5-e461ed917a59');
INSERT INTO item_ingredients (menu_id, item_id) VALUES ('48e2f67b-12a8-4285-9e52-dfbfbf7ff5ea', '18ff1847-f077-4e8a-96cc-d329d31876e8');
INSERT INTO item_ingredients (menu_id, item_id) VALUES ('48e2f67b-12a8-4285-9e52-dfbfbf7ff5ea', '7323e54e-bb37-41a0-ba65-0c54c7d597c6');
INSERT INTO item_ingredients (menu_id, item_id) VALUES ('737e25ef-519c-429b-9121-a065b57f481a', '5f762540-4c8e-4013-ae7c-c4b624374f01');
INSERT INTO item_ingredients (menu_id, item_id) VALUES ('737e25ef-519c-429b-9121-a065b57f481a', '3eba6cf0-95ff-4e56-9836-222e89a56abf');
INSERT INTO item_ingredients (menu_id, item_id) VALUES ('05244607-e996-4886-bca5-99a332cb9d78', 'f4b12a95-fc71-4719-8e9c-1664b275535d');
INSERT INTO item_ingredients (menu_id, item_id) VALUES ('b7fad488-0eea-4e34-849b-8e380e4b28c9', 'f4b12a95-fc71-4719-8e9c-1664b275535d');
INSERT INTO item_ingredients (menu_id, item_id) VALUES ('2527ce3d-796a-49f0-b9a5-fbfb08fd1453', 'f4b12a95-fc71-4719-8e9c-1664b275535d');
INSERT INTO item_ingredients (menu_id, item_id) VALUES ('2527ce3d-796a-49f0-b9a5-fbfb08fd1453', '3eba6cf0-95ff-4e56-9836-222e89a56abf');
INSERT INTO item_ingredients (menu_id, item_id) VALUES ('82852de2-48a6-413a-91a0-238e80817926', '3c6e7ada-b5d5-4613-9f34-b0c6946f6b52');
INSERT INTO item_ingredients (menu_id, item_id) VALUES ('0484e1db-51ca-4567-9a9c-2d153bfa7e12', '18ff1847-f077-4e8a-96cc-d329d31876e8');
INSERT INTO item_ingredients (menu_id, item_id) VALUES ('0484e1db-51ca-4567-9a9c-2d153bfa7e12', '7323e54e-bb37-41a0-ba65-0c54c7d597c6');
INSERT INTO item_ingredients (menu_id, item_id) VALUES ('d6314fc1-0bf1-48c1-8de5-ebb7cd6d8118', '10354beb-6470-471a-a743-8e50493f570b');
INSERT INTO item_ingredients (menu_id, item_id) VALUES ('d6314fc1-0bf1-48c1-8de5-ebb7cd6d8118', '3eba6cf0-95ff-4e56-9836-222e89a56abf');
INSERT INTO item_ingredients (menu_id, item_id) VALUES ('830e23bd-4682-4d3f-ad9a-3a80c749468a', '8f9515cd-0fa0-4c67-8078-54833afa5293');
INSERT INTO item_ingredients (menu_id, item_id) VALUES ('923657d0-dad8-4c50-ba55-0b61accbb756', 'fc1a4e48-0109-4136-a3b8-477b04a02d32');
INSERT INTO item_ingredients (menu_id, item_id) VALUES ('923657d0-dad8-4c50-ba55-0b61accbb756', '3c6e7ada-b5d5-4613-9f34-b0c6946f6b52');
INSERT INTO item_ingredients (menu_id, item_id) VALUES ('923657d0-dad8-4c50-ba55-0b61accbb756', '3eba6cf0-95ff-4e56-9836-222e89a56abf');
INSERT INTO item_ingredients (menu_id, item_id) VALUES ('923657d0-dad8-4c50-ba55-0b61accbb756', '9626474a-f0d6-4b0f-9592-b579bd5fa6ee');
INSERT INTO item_ingredients (menu_id, item_id) VALUES ('923657d0-dad8-4c50-ba55-0b61accbb756', '8f9515cd-0fa0-4c67-8078-54833afa5293');
INSERT INTO item_ingredients (menu_id, item_id) VALUES ('923657d0-dad8-4c50-ba55-0b61accbb756', '7323e54e-bb37-41a0-ba65-0c54c7d597c6');
INSERT INTO item_ingredients (menu_id, item_id) VALUES ('ce7988d3-11d9-471e-b4a1-adea80fc8df2', '9626474a-f0d6-4b0f-9592-b579bd5fa6ee');
INSERT INTO item_ingredients (menu_id, item_id) VALUES ('ce7988d3-11d9-471e-b4a1-adea80fc8df2', '7323e54e-bb37-41a0-ba65-0c54c7d597c6');
INSERT INTO item_ingredients (menu_id, item_id) VALUES ('3656f0fc-4319-4a95-9a1c-d934f514438d', '7afef5cf-2b87-4b8f-bdcd-f1701544e995');
INSERT INTO item_ingredients (menu_id, item_id) VALUES ('3656f0fc-4319-4a95-9a1c-d934f514438d', '3050f7f6-44ed-433a-81d0-168df40c39af');
INSERT INTO item_ingredients (menu_id, item_id) VALUES ('3656f0fc-4319-4a95-9a1c-d934f514438d', 'fc1a4e48-0109-4136-a3b8-477b04a02d32');
INSERT INTO item_ingredients (menu_id, item_id) VALUES ('3656f0fc-4319-4a95-9a1c-d934f514438d', '628fc4d7-a7ac-4302-b89a-fd84a8582717');
INSERT INTO item_ingredients (menu_id, item_id) VALUES ('3656f0fc-4319-4a95-9a1c-d934f514438d', '30891c56-8760-4ce5-883e-79b58240ad2f');
INSERT INTO item_ingredients (menu_id, item_id) VALUES ('3554ffe8-e31f-4127-b611-33de6ee2d7cd', '3c6e7ada-b5d5-4613-9f34-b0c6946f6b52');
INSERT INTO item_ingredients (menu_id, item_id) VALUES ('3554ffe8-e31f-4127-b611-33de6ee2d7cd', '18ff1847-f077-4e8a-96cc-d329d31876e8');
INSERT INTO item_ingredients (menu_id, item_id) VALUES ('3554ffe8-e31f-4127-b611-33de6ee2d7cd', '7323e54e-bb37-41a0-ba65-0c54c7d597c6');
INSERT INTO item_ingredients (menu_id, item_id) VALUES ('3eb36e0d-a2fc-4f8c-bafe-ffaad18b3e4c', '3c6e7ada-b5d5-4613-9f34-b0c6946f6b52');
INSERT INTO item_ingredients (menu_id, item_id) VALUES ('3eb36e0d-a2fc-4f8c-bafe-ffaad18b3e4c', 'b550e9bc-568f-489b-b5a5-31e8c4064fe2');
INSERT INTO item_ingredients (menu_id, item_id) VALUES ('3eb36e0d-a2fc-4f8c-bafe-ffaad18b3e4c', '3eba6cf0-95ff-4e56-9836-222e89a56abf');
INSERT INTO items (_id, name, type) VALUES ('3a7fe399-855e-44be-803e-19f21791a1ed', 'Angu', 'Guarnição');
INSERT INTO items (_id, name, type) VALUES ('6e1324fc-a2dd-4948-85cf-8c9a0f42fa2b', 'Arroz 7 Grãos', 'Guarnição');
INSERT INTO items (_id, name, type) VALUES ('9fffd94a-48bf-4279-af9f-43c2fb64eab0', 'Arroz À Grega', 'Guarnição');
INSERT INTO items (_id, name, type) VALUES ('663c8887-1af6-43e0-8f31-e8910b9da9e1', 'Arroz Ao Alho', 'Guarnição');
INSERT INTO items (_id, name, type) VALUES ('9a02a903-a0b6-487a-a4ac-55f9ad5ff394', 'Arroz Branco', 'Guarnição');
INSERT INTO items (_id, name, type) VALUES ('2f221620-b455-40af-a563-1b7ee1dee983', 'Arroz Com Brocolis', 'Guarnição');
INSERT INTO items (_id, name, type) VALUES ('9eb659f8-6a4c-48c8-a30f-6fd38426f152', 'Arroz Com Cenoura', 'Guarnição');
INSERT INTO items (_id, name, type) VALUES ('fab09013-19a9-48ca-a3fc-fb66db283062', 'Arroz Com Raspas De Limão', 'Guarnição');
INSERT INTO items (_id, name, type) VALUES ('47e5fcc6-7195-41c9-abbe-c9bd9fbfea6b', 'Arroz Integral', 'Guarnição');
INSERT INTO items (_id, name, type) VALUES ('6a51c4a1-a849-4ea8-a7de-d0ec0bca2fb4', 'Arroz Jasmim', 'Guarnição');
INSERT INTO items (_id, name, type) VALUES ('aea5f447-744c-4892-880c-93ab6a551807', 'Espaguete Ao Molho De Tomate', 'Guarnição');
INSERT INTO items (_id, name, type) VALUES ('0de6f2ff-2563-4985-b7e7-fc1b4e3f8ad4', 'Farofa De Bacon', 'Guarnição');
INSERT INTO items (_id, name, type) VALUES ('03ed6fd9-f4d0-42f5-9d9b-985b975da03b', 'Farofa De Banana', 'Guarnição');
INSERT INTO items (_id, name, type) VALUES ('0acf8403-72db-4dc7-a2dd-77f6ea6da6ed', 'Farofa De Cenoura', 'Guarnição');
INSERT INTO items (_id, name, type) VALUES ('545ed01c-e414-4474-9623-b8a64952a226', 'Farofa De Manteiga ', 'Guarnição');
INSERT INTO items (_id, name, type) VALUES ('e791d026-18a0-487e-b795-71792038c78c', 'Farofa De Ovo', 'Guarnição');
INSERT INTO items (_id, name, type) VALUES ('fc97bae3-6c17-46db-b671-5f3a799468a6', 'Feijão', 'Guarnição');
INSERT INTO items (_id, name, type) VALUES ('cd593d04-51a6-4401-9ae4-4ccb75aa4951', 'Feijão Tropeiro', 'Guarnição');
INSERT INTO items (_id, name, type) VALUES ('c09952ac-a23b-4629-a9b5-11f069a5a356', 'Grão De Bico Cozido', 'Guarnição');
INSERT INTO items (_id, name, type) VALUES ('ea7943f6-3eee-4a1f-9d22-8921b271c7e7', 'Lentilha Refogada', 'Guarnição');
INSERT INTO items (_id, name, type) VALUES ('360984b7-bb3f-472f-899d-e7256b704746', 'Macarrão Ao Alho E Óleo ', 'Guarnição');
INSERT INTO items (_id, name, type) VALUES ('da2ee0d1-579a-4b6a-a75f-4c2d45c563d6', 'Maionese De Batata Com Ovos', 'Guarnição');
INSERT INTO items (_id, name, type) VALUES ('ef96186e-5d72-4569-b6dc-c79bc8190406', 'Polenta Frita', 'Guarnição');
INSERT INTO items (_id, name, type) VALUES ('cbd6bf98-f8c8-4cc8-ac7b-b148bbf66052', 'Salpicão', 'Guarnição');
INSERT INTO items (_id, name, type) VALUES ('766866c2-e615-45d9-b946-45f74aaa718c', 'Tutu De Feijão', 'Guarnição');
INSERT INTO item_ingredients (menu_id, item_id) VALUES ('9fffd94a-48bf-4279-af9f-43c2fb64eab0', 'afc16878-c32b-4fc8-b955-94444c348369');
INSERT INTO item_ingredients (menu_id, item_id) VALUES ('9fffd94a-48bf-4279-af9f-43c2fb64eab0', 'b5b90f6f-d201-4631-985f-7acc4a1b1fc3');
INSERT INTO item_ingredients (menu_id, item_id) VALUES ('9fffd94a-48bf-4279-af9f-43c2fb64eab0', '6d09b687-b94c-4099-abae-bbe785917fd7');
INSERT INTO item_ingredients (menu_id, item_id) VALUES ('663c8887-1af6-43e0-8f31-e8910b9da9e1', '3eba6cf0-95ff-4e56-9836-222e89a56abf');
INSERT INTO item_ingredients (menu_id, item_id) VALUES ('2f221620-b455-40af-a563-1b7ee1dee983', '00d265c2-83af-499c-ab1b-8045c62d7f9d');
INSERT INTO item_ingredients (menu_id, item_id) VALUES ('9eb659f8-6a4c-48c8-a30f-6fd38426f152', 'afc16878-c32b-4fc8-b955-94444c348369');
INSERT INTO item_ingredients (menu_id, item_id) VALUES ('fab09013-19a9-48ca-a3fc-fb66db283062', 'fde7b5e7-4a66-4854-bce1-2235981b411c');
INSERT INTO item_ingredients (menu_id, item_id) VALUES ('0de6f2ff-2563-4985-b7e7-fc1b4e3f8ad4', 'f6bd14f0-b507-4b7c-a766-1a190b586578');
INSERT INTO item_ingredients (menu_id, item_id) VALUES ('0de6f2ff-2563-4985-b7e7-fc1b4e3f8ad4', '3c6e7ada-b5d5-4613-9f34-b0c6946f6b52');
INSERT INTO item_ingredients (menu_id, item_id) VALUES ('0de6f2ff-2563-4985-b7e7-fc1b4e3f8ad4', '3eba6cf0-95ff-4e56-9836-222e89a56abf');
INSERT INTO item_ingredients (menu_id, item_id) VALUES ('0de6f2ff-2563-4985-b7e7-fc1b4e3f8ad4', '0a1b9526-cbbf-498f-a32d-1fcdcf3c4dcf');
INSERT INTO item_ingredients (menu_id, item_id) VALUES ('0de6f2ff-2563-4985-b7e7-fc1b4e3f8ad4', 'b5b90f6f-d201-4631-985f-7acc4a1b1fc3');
INSERT INTO item_ingredients (menu_id, item_id) VALUES ('0de6f2ff-2563-4985-b7e7-fc1b4e3f8ad4', '6d4c6bfc-c2ae-4407-acdd-9a4e04d0dc05');
INSERT INTO item_ingredients (menu_id, item_id) VALUES ('0de6f2ff-2563-4985-b7e7-fc1b4e3f8ad4', '18ff1847-f077-4e8a-96cc-d329d31876e8');
INSERT INTO item_ingredients (menu_id, item_id) VALUES ('03ed6fd9-f4d0-42f5-9d9b-985b975da03b', 'f1f644af-6ca0-4a3e-8da9-2e520410ffa9');
INSERT INTO item_ingredients (menu_id, item_id) VALUES ('03ed6fd9-f4d0-42f5-9d9b-985b975da03b', '30891c56-8760-4ce5-883e-79b58240ad2f');
INSERT INTO item_ingredients (menu_id, item_id) VALUES ('03ed6fd9-f4d0-42f5-9d9b-985b975da03b', '3eba6cf0-95ff-4e56-9836-222e89a56abf');
INSERT INTO item_ingredients (menu_id, item_id) VALUES ('03ed6fd9-f4d0-42f5-9d9b-985b975da03b', '18ff1847-f077-4e8a-96cc-d329d31876e8');
INSERT INTO item_ingredients (menu_id, item_id) VALUES ('0acf8403-72db-4dc7-a2dd-77f6ea6da6ed', 'afc16878-c32b-4fc8-b955-94444c348369');
INSERT INTO item_ingredients (menu_id, item_id) VALUES ('0acf8403-72db-4dc7-a2dd-77f6ea6da6ed', '3c6e7ada-b5d5-4613-9f34-b0c6946f6b52');
INSERT INTO item_ingredients (menu_id, item_id) VALUES ('0acf8403-72db-4dc7-a2dd-77f6ea6da6ed', '18ff1847-f077-4e8a-96cc-d329d31876e8');
INSERT INTO item_ingredients (menu_id, item_id) VALUES ('545ed01c-e414-4474-9623-b8a64952a226', '18ff1847-f077-4e8a-96cc-d329d31876e8');
INSERT INTO item_ingredients (menu_id, item_id) VALUES ('e791d026-18a0-487e-b795-71792038c78c', '3c6e7ada-b5d5-4613-9f34-b0c6946f6b52');
INSERT INTO item_ingredients (menu_id, item_id) VALUES ('e791d026-18a0-487e-b795-71792038c78c', '18ff1847-f077-4e8a-96cc-d329d31876e8');
INSERT INTO item_ingredients (menu_id, item_id) VALUES ('cd593d04-51a6-4401-9ae4-4ccb75aa4951', '3c6e7ada-b5d5-4613-9f34-b0c6946f6b52');
INSERT INTO item_ingredients (menu_id, item_id) VALUES ('cd593d04-51a6-4401-9ae4-4ccb75aa4951', '3eba6cf0-95ff-4e56-9836-222e89a56abf');
INSERT INTO item_ingredients (menu_id, item_id) VALUES ('cd593d04-51a6-4401-9ae4-4ccb75aa4951', 'f6bd14f0-b507-4b7c-a766-1a190b586578');
INSERT INTO item_ingredients (menu_id, item_id) VALUES ('cd593d04-51a6-4401-9ae4-4ccb75aa4951', '0a1b9526-cbbf-498f-a32d-1fcdcf3c4dcf');
INSERT INTO item_ingredients (menu_id, item_id) VALUES ('cd593d04-51a6-4401-9ae4-4ccb75aa4951', '23c1455c-2693-4336-bcd5-cb571e2f3489');
INSERT INTO item_ingredients (menu_id, item_id) VALUES ('cd593d04-51a6-4401-9ae4-4ccb75aa4951', 'b5b90f6f-d201-4631-985f-7acc4a1b1fc3');
INSERT INTO item_ingredients (menu_id, item_id) VALUES ('cd593d04-51a6-4401-9ae4-4ccb75aa4951', 'a315fc35-09f0-42fd-89ac-453f72d1d8dc');
INSERT INTO item_ingredients (menu_id, item_id) VALUES ('ea7943f6-3eee-4a1f-9d22-8921b271c7e7', '3c6e7ada-b5d5-4613-9f34-b0c6946f6b52');
INSERT INTO item_ingredients (menu_id, item_id) VALUES ('ea7943f6-3eee-4a1f-9d22-8921b271c7e7', '3eba6cf0-95ff-4e56-9836-222e89a56abf');
INSERT INTO item_ingredients (menu_id, item_id) VALUES ('360984b7-bb3f-472f-899d-e7256b704746', '3eba6cf0-95ff-4e56-9836-222e89a56abf');
INSERT INTO item_ingredients (menu_id, item_id) VALUES ('da2ee0d1-579a-4b6a-a75f-4c2d45c563d6', '1eb4f81b-a514-4a0e-b26b-3082d49d8d30');
INSERT INTO item_ingredients (menu_id, item_id) VALUES ('da2ee0d1-579a-4b6a-a75f-4c2d45c563d6', 'f6bd14f0-b507-4b7c-a766-1a190b586578');
INSERT INTO item_ingredients (menu_id, item_id) VALUES ('da2ee0d1-579a-4b6a-a75f-4c2d45c563d6', '0a1b9526-cbbf-498f-a32d-1fcdcf3c4dcf');
INSERT INTO item_ingredients (menu_id, item_id) VALUES ('ef96186e-5d72-4569-b6dc-c79bc8190406', '3eba6cf0-95ff-4e56-9836-222e89a56abf');
INSERT INTO item_ingredients (menu_id, item_id, type) VALUES ('cbd6bf98-f8c8-4cc8-ac7b-b148bbf66052', 'cc45b90e-e718-4cf9-89e7-960b3b1dc6c1', 'Desfiado');
INSERT INTO item_ingredients (menu_id, item_id) VALUES ('cbd6bf98-f8c8-4cc8-ac7b-b148bbf66052', 'afc16878-c32b-4fc8-b955-94444c348369');
INSERT INTO item_ingredients (menu_id, item_id) VALUES ('cbd6bf98-f8c8-4cc8-ac7b-b148bbf66052', '1ee3f9c7-3467-46d5-86f5-2bab65e29568');
INSERT INTO item_ingredients (menu_id, item_id) VALUES ('cbd6bf98-f8c8-4cc8-ac7b-b148bbf66052', '3c6e7ada-b5d5-4613-9f34-b0c6946f6b52');
INSERT INTO item_ingredients (menu_id, item_id) VALUES ('cbd6bf98-f8c8-4cc8-ac7b-b148bbf66052', 'fde7b5e7-4a66-4854-bce1-2235981b411c');
INSERT INTO item_ingredients (menu_id, item_id) VALUES ('cbd6bf98-f8c8-4cc8-ac7b-b148bbf66052', '0a1b9526-cbbf-498f-a32d-1fcdcf3c4dcf');
INSERT INTO item_ingredients (menu_id, item_id) VALUES ('766866c2-e615-45d9-b946-45f74aaa718c', '0a1b9526-cbbf-498f-a32d-1fcdcf3c4dcf');
INSERT INTO item_ingredients (menu_id, item_id) VALUES ('766866c2-e615-45d9-b946-45f74aaa718c', 'a315fc35-09f0-42fd-89ac-453f72d1d8dc');


-- Removing extra space in the end
UPDATE users SET name = TRIM(TRAILING FROM name);
UPDATE ingredients SET name = TRIM(TRAILING FROM name);
UPDATE items SET name = TRIM(TRAILING FROM name);


UPDATE ingredients SET name = REGEXP_REPLACE(name, '\s+', ' ', 'g');

DELETE FROM item_ingredients WHERE menu_id = 'dea18e3a-5c94-4fe7-973e-900bd79e779c';
DELETE FROM items WHERE _id = 'dea18e3a-5c94-4fe7-973e-900bd79e779c';
delete from items where name = 'nan';